model,area,group,matches,small_sample,correct,accuracy,error_rate,mean_log_loss,mean_brier,mean_confidence,confidence_minus_accuracy,home_goal_bias,away_goal_bias,goal_mae,goal_mse
RF_independent,Overall,All matches,1447,False,777,0.5369730476848652,0.4630269523151348,0.9787876129920322,0.5824418410324177,0.5261052819085892,-0.010867765776276017,-0.04603361317585067,0.061191900321255974,0.8959470351100565,1.3452002730806396
RF_independent,Actual outcome (retrospective),Away,423,False,250,0.5910165484633569,0.40898345153664306,0.973930761299101,0.5734382313887791,0.5055547498782951,-0.08546179858506187,0.7476537963443142,-0.7933663023456674,0.9605041994923367,1.4871278973634112
RF_independent,Actual outcome (retrospective),Draw,352,False,0,0.0,1.0,1.435976994742724,0.9163377984816322,0.5063445059243165,0.5063445059243165,0.4180104484853517,0.180845645535599,0.7323558122838599,0.8420310812417395
RF_independent,Actual outcome (retrospective),Home,672,False,527,0.7842261904761905,0.21577380952380953,0.7423646753281428,0.4132114092722027,0.5493919905325153,-0.23483419994367516,-0.7887021904552747,0.5364299976615237,0.9410012462724326,1.5194267172111164
RF_independent,Actual total goals (retrospective),0–1,346,False,162,0.4682080924855491,0.5317919075144508,1.0498684673983225,0.6308852431567948,0.5112177449809323,0.04300965249538319,1.0185874390566485,0.9507258819551094,0.9934148810609925,1.2656604098878657
RF_independent,Actual total goals (retrospective),2–3,686,False,368,0.5364431486880467,0.46355685131195334,0.9773951855559782,0.5818796277020345,0.5226430009511549,-0.013800147736891755,0.1475409259489659,0.13765374013163978,0.6245424923803181,0.6096330090677019
RF_independent,Actual total goals (retrospective),4–5,312,False,174,0.5576923076923077,0.4423076923076923,0.9639879462305103,0.5728414574845113,0.5361833511725178,-0.0215089565197899,-0.9309475157441043,-0.5932051234571633,1.0299958748438611,1.62889441482838
RF_independent,Actual total goals (retrospective),6+,103,False,73,0.7087378640776699,0.2912621359223301,0.7941150462556372,0.4525348592513989,0.5686475625243507,-0.14009030155331925,-2.231061577358119,-1.4539508990609749,1.9700868760482082,5.652067880384332
RF_independent,Player rating gap (absolute),0–2,441,False,207,0.46938775510204084,0.5306122448979591,1.0525148537049598,0.6339334452623858,0.45924711277483427,-0.010140642327206573,-0.04878538476368125,0.1364710606789898,0.8558010748146239,1.2596225243884822
RF_independent,Player rating gap (absolute),2–5,530,False,273,0.5150943396226415,0.4849056603773585,0.9981575802675745,0.5956085271691879,0.49986936983050156,-0.015224969792139942,-0.05179778515931354,0.011772427290117708,0.8866718509612672,1.3311126655946415
RF_independent,Player rating gap (absolute),5+,476,False,297,0.6239495798319328,0.3760504201680672,0.8889140923818672,0.520075998347745,0.6172596642392032,-0.006689915592729578,-0.03706608708032838,0.04647385617995907,0.943468497482208,1.440171321695809
RF_independent,Matchweek,1–10,377,False,200,0.5305039787798409,0.4694960212201591,0.9657153697997062,0.5740190343620682,0.5284201871056333,-0.00208379167420758,-0.06202815826770018,0.039847466567100726,0.9084389041529318,1.3793853672476228
RF_independent,Matchweek,11–20,392,False,212,0.5408163265306123,0.4591836734693877,0.9738397750554868,0.5788671940246803,0.5257984807863453,-0.015017845744267011,-0.040675695974950854,0.0986187865016962,0.8863373744799791,1.34121226139184
RF_independent,Matchweek,21–30,398,False,214,0.5376884422110553,0.4623115577889447,1.0024260810578656,0.5989073081707207,0.524035637713578,-0.0136528044974773,0.08081046261539986,0.1167478305224177,0.8770873020216111,1.242199952683364
RF_independent,Matchweek,31+,280,False,151,0.5392857142857143,0.46071428571428574,0.9697150339364287,0.5753825689635254,0.5263598003737616,-0.012925913911952636,-0.21229897820457627,-0.04143577138402405,0.9193889140637268,1.4511633002205417
RF_independent,Market favorite strength,≤40%,262,False,105,0.40076335877862596,0.5992366412213741,1.086005755329892,0.65793165626208,0.39818090969897674,-0.0025824490796492183,-0.08650397102408287,0.1658055491517818,0.8611320523212334,1.1680471604233393
RF_independent,Market favorite strength,40–55%,660,False,323,0.4893939393939394,0.5106060606060606,1.0432476834141327,0.6272695863118268,0.4765966551467984,-0.012797284247140994,-0.023670856803280436,0.0509250190366495,0.8942218700564379,1.3306165089342403
RF_independent,Market favorite strength,55–70%,379,False,235,0.6200527704485488,0.3799472295514512,0.9155022646944168,0.536434977003398,0.619252316276216,-0.0008004541723327652,-0.0003420213674823218,0.037228040041121395,0.8899921989000065,1.381741505751978
RF_independent,Market favorite strength,70%+,146,False,114,0.7808219178082192,0.2191780821917808,0.6592694433597763,0.36375662180239654,0.7376748240755052,-0.04314709373271397,-0.19311100184044733,-0.01791995789508995,0.9816800306557336,1.6341747434258407
RF_independent,Prediction confidence,≤40%,175,False,62,0.35428571428571426,0.6457142857142857,1.1039870911675862,0.669962626143919,0.3841235753172301,0.029837861031515867,-0.006366414245066592,0.11371190605004029,0.8706273619891328,1.1773240734670256
RF_independent,Prediction confidence,40–50%,520,False,242,0.4653846153846154,0.5346153846153846,1.0620894527029918,0.6411322245101173,0.44129457342289097,-0.02409004196172443,-0.08214543127416991,0.03427805656631091,0.8950752058608078,1.3339000403049055
RF_independent,Prediction confidence,50–60%,379,False,208,0.5488126649076517,0.4511873350923483,1.0002650926195797,0.5968809599440014,0.5516680193005707,0.002855354392919063,0.026684119116050335,0.10672121451053995,0.8592708258366751,1.2589432036623098
RF_independent,Prediction confidence,60–70%,231,False,156,0.6753246753246753,0.3246753246753247,0.844025612358813,0.4861320097712972,0.6474712133963175,-0.027853461928357803,-0.05932495886295968,0.05072380502885614,0.9293766370303899,1.5086337084035217
RF_independent,Prediction confidence,70–80%,125,False,92,0.736,0.264,0.7490140967688886,0.4231500527761453,0.7342486316269613,-0.0017513683730386864,-0.03247581078061705,-0.03982441439166786,0.9449252813180444,1.4140675971672574
RF_independent,Prediction confidence,80%+,17,True,17,1.0,0.0,0.18378064622174425,0.044293704735129474,0.8323782646161195,-0.16762173538388048,-0.8900371064743043,0.21376584290686707,1.1865387116269432,2.614867697486419
RF_independent_calibrated,Overall,All matches,1447,False,776,0.5362819626814098,0.4637180373185902,0.9790132740263509,0.5825834572124151,0.5258213330641974,-0.010460629617212391,-0.048655737799413214,0.06500151400195066,0.8961544429855628,1.3456594046909316
RF_independent_calibrated,Actual outcome (retrospective),Away,423,False,250,0.5910165484633569,0.40898345153664306,0.9699686617010534,0.5707390482261008,0.5059468267403985,-0.08506972172295846,0.7454228663326758,-0.7889310765578464,0.9587191234007603,1.4820602884313983
RF_independent_calibrated,Actual outcome (retrospective),Draw,352,False,0,0.0,1.0,1.4358781625887849,0.9161225481388904,0.5060797912210834,0.5060797912210834,0.4154713954339526,0.1846671040251076,0.7322380551369733,0.8417501446416522
RF_independent_calibrated,Actual outcome (retrospective),Home,672,False,526,0.7827380952380952,0.21726190476190477,0.7453963547400774,0.4153281372646348,0.5486724326233391,-0.23406566261475614,-0.7916140717964646,0.5398396064404073,0.9426331761806146,1.5237523893860638
RF_independent_calibrated,Actual total goals (retrospective),0–1,346,False,162,0.4682080924855491,0.5317919075144508,1.050053349203188,0.6310133743698658,0.5109952533920402,0.042787160906491095,1.0160921298238337,0.9546250986040664,0.994021940708257,1.2669627961817163
RF_independent_calibrated,Actual total goals (retrospective),2–3,686,False,367,0.5349854227405247,0.46501457725947526,0.9774845321485482,0.5819283310715442,0.5223419282782668,-0.012643494462257987,0.1449354162141661,0.1414594965316944,0.6246277673317158,0.6097124888434347
RF_independent_calibrated,Actual total goals (retrospective),4–5,312,False,174,0.5576923076923077,0.4423076923076923,0.9644118456159398,0.5730880436118977,0.5358934357329725,-0.021798871959335164,-0.9336549072884893,-0.5894428091155643,1.0301027870888197,1.6290917490695074
RF_independent_calibrated,Actual total goals (retrospective),6+,103,False,73,0.7087378640776699,0.2912621359223301,0.7947850854927123,0.45302262458640474,0.568289286627859,-0.14044857744981087,-2.2339620773175404,-1.4502733158531136,1.9700696073182862,5.65301590342351
RF_independent_calibrated,Player rating gap (absolute),0–2,441,False,207,0.46938775510204084,0.5306122448979591,1.0530202559319572,0.6342746025996278,0.4585262094277043,-0.010861545674336559,-0.051295584604128946,0.1401173650286523,0.8562647692045839,1.2603071329751707
RF_independent_calibrated,Player rating gap (absolute),2–5,530,False,272,0.5132075471698113,0.4867924528301887,0.9982164522971461,0.5956416217998366,0.49962403397979666,-0.013583513190014662,-0.05435261813024417,0.015578032137913138,0.8867755632574995,1.3313367179078488
RF_independent_calibrated,Player rating gap (absolute),5+,476,False,297,0.6239495798319328,0.3760504201680672,0.8890662918753137,0.5201535783319652,0.6173375474306386,-0.0066120324012941545,-0.03986683230315265,0.050439234769102864,0.9435539228033885,1.4406833034759827
RF_independent_calibrated,Matchweek,1–10,377,False,200,0.5305039787798409,0.4694960212201591,0.9659100096509549,0.5741300691093533,0.5282295153227503,-0.002274463457090592,-0.06463755274481396,0.043728285628374226,0.908633855799144,1.3798209829060406
RF_independent_calibrated,Matchweek,11–20,392,False,212,0.5408163265306123,0.4591836734693877,0.9739041176418202,0.5789048951057212,0.5255506529290099,-0.015265673601602359,-0.043283414183695586,0.10244233899929368,0.8865115366194084,1.341763615578834
RF_independent_calibrated,Matchweek,21–30,398,False,213,0.535175879396985,0.46482412060301503,1.0026048593842438,0.5989997036498291,0.523696982137052,-0.011478897259933007,0.07821573975129587,0.12051997408705376,0.8772707765815819,1.2425573630431235
RF_independent_calibrated,Matchweek,31+,280,False,151,0.5392857142857143,0.46071428571428574,0.9702749490257047,0.5757808057073706,0.5259774529589227,-0.013308261326791526,-0.21499736168558273,-0.03768828391230358,0.9196936568912649,1.4516695722647661
RF_independent_calibrated,Market favorite strength,≤40%,262,False,104,0.3969465648854962,0.6030534351145038,1.086549489028674,0.6583274916280559,0.39841867143983456,0.0014721065543383816,-0.08870554006717549,0.16981100284852824,0.8616214335626549,1.1689170179874808
RF_independent_calibrated,Market favorite strength,40–55%,660,False,323,0.4893939393939394,0.5106060606060606,1.0433611635554956,0.627343250383251,0.4763213095999415,-0.01307262979399787,-0.026044232799881554,0.054876880765244274,0.894474722756746,1.330914607384703
RF_independent_calibrated,Market favorite strength,55–70%,379,False,235,0.6200527704485488,0.3799472295514512,0.9157046893570201,0.5365500127803642,0.618775463509601,-0.0012773069389477865,-0.0032329264838434017,0.04095122206631289,0.8899564545410007,1.3820432348181024
RF_independent_calibrated,Market favorite strength,70%+,146,False,114,0.7808219178082192,0.2191780821917808,0.6594917546416409,0.36381821700760525,0.7369165206887464,-0.04390539711947283,-0.19691457748529087,-0.01488045516223027,0.981807192576726,1.6350333767472158
RF_independent_calibrated,Prediction confidence,≤40%,177,False,61,0.3446327683615819,0.655367231638418,1.1058117172811495,0.6711956569369874,0.3842131526352467,0.03958038427366478,-0.042728059211455796,0.11780850149267985,0.8606994219400914,1.1285939470020003
RF_independent_calibrated,Prediction confidence,40–50%,521,False,243,0.46641074856046066,0.5335892514395393,1.0621446557908232,0.6411909465927704,0.4416910096178166,-0.024719738942644065,-0.07474621965780115,0.0401163821441083,0.8985104607579572,1.3510475831641573
RF_independent_calibrated,Prediction confidence,50–60%,375,False,205,0.5466666666666666,0.45333333333333337,1.0037789322265915,0.5993448936612269,0.5516886422997818,0.005021975633115128,0.02417521160749383,0.1272615695433769,0.848951955158916,1.2161299941965775
RF_independent_calibrated,Prediction confidence,60–70%,235,False,160,0.6808510638297872,0.3191489361702128,0.8389675211443867,0.4820984174098721,0.6474391926716422,-0.033411871158145034,-0.04680064385133747,0.019422211187256434,0.9465269618225147,1.5751200683925481
RF_independent_calibrated,Prediction confidence,70–80%,122,False,90,0.7377049180327869,0.2622950819672131,0.744326378419131,0.42071603784750483,0.7341894747697686,-0.0035154432630183363,-0.05531875173501784,-0.029939624013265248,0.9449627155618114,1.4161388114682996
RF_independent_calibrated,Prediction confidence,80%+,17,True,17,1.0,0.0,0.18493427466533824,0.04478401776523175,0.8314210502592262,-0.1685789497407738,-0.8951688829225036,0.21586922478732917,1.1877329853171745,2.6200788379294098
RF_bivariate_exact,Overall,All matches,1447,False,777,0.5369730476848652,0.4630269523151348,0.978825736144895,0.582482777672331,0.5237376011716545,-0.013235446513210736,-0.04897168966305693,0.0641799925005335,0.8961326146992378,1.3457983218303586
RF_bivariate_exact,Actual outcome (retrospective),Away,423,False,250,0.5910165484633569,0.40898345153664306,0.9757084584187613,0.5743177216808871,0.5034586743187399,-0.08755787414461702,0.7462122065656408,-0.7953625480297665,0.9596838009721419,1.4853055656901628
RF_bivariate_exact,Actual outcome (retrospective),Draw,352,False,0,0.0,1.0,1.4255460704547316,0.9099836207730161,0.5040843016919206,0.5040843016919206,0.41603113075354775,0.18398348397566888,0.7311540958398095,0.8384932737583367
RF_bivariate_exact,Actual outcome (retrospective),Home,672,False,527,0.7842261904761905,0.21577380952380953,0.7467915855512819,0.41607432813801504,0.5467970468199419,-0.23742914365624856,-0.7930844588466641,0.5424771139961723,0.9425467320282263,1.5237147098789519
RF_bivariate_exact,Actual total goals (retrospective),0–1,346,False,162,0.4682080924855491,0.5317919075144508,1.0496084829325147,0.6306690422011857,0.508928697343869,0.04072060485831991,1.016941724460385,0.9534360610549485,0.9933006517434233,1.2632016481907888
RF_bivariate_exact,Actual total goals (retrospective),2–3,686,False,368,0.5364431486880467,0.46355685131195334,0.9773286955820245,0.5818832409268996,0.5202873260656393,-0.016155822622407334,0.1448803564784201,0.14078671699589326,0.6244198157665203,0.6087616146567416
RF_bivariate_exact,Actual total goals (retrospective),4–5,312,False,174,0.5576923076923077,0.4423076923076923,0.9639272487857522,0.572815581015245,0.5337701893636586,-0.0239221183286491,-0.9349556506078124,-0.5902919721828584,1.030641178563271,1.6313274925471923
RF_bivariate_exact,Actual total goals (retrospective),6+,103,False,73,0.7087378640776699,0.2912621359223301,0.7961506632678573,0.45389054502566256,0.5660735422516037,-0.14266432182606625,-2.2369478947601493,-1.4507671894647691,1.9719400644563032,5.667162680439489
RF_bivariate_exact,Player rating gap (absolute),0–2,441,False,207,0.46938775510204084,0.5306122448979591,1.052078511086733,0.6337305771393278,0.45716666068083295,-0.01222109442120789,-0.049905099267729174,0.14102782418190024,0.8567516255772588,1.2604378542632648
RF_bivariate_exact,Player rating gap (absolute),2–5,530,False,273,0.5150943396226415,0.4849056603773585,0.9983585485878748,0.5957559643919128,0.49764265604933566,-0.017451683573305843,-0.05449160539146636,0.014413206600806253,0.8870415791907615,1.3316764457464103
RF_bivariate_exact,Player rating gap (absolute),5+,476,False,297,0.6239495798319328,0.3760504201680672,0.8892104749177315,0.5202242303481213,0.6144689156071192,-0.009480664224813529,-0.041960788461969795,0.04839533442358537,0.9427403143258875,1.440606222085781
RF_bivariate_exact,Matchweek,1–10,377,False,200,0.5305039787798409,0.4694960212201591,0.9655327647895177,0.57395459729075,0.5260806991829778,-0.004423279596863061,-0.06527459355609908,0.04207795907700673,0.9086397264266427,1.3807806289549693
RF_bivariate_exact,Matchweek,11–20,392,False,212,0.5408163265306123,0.4591836734693877,0.97422851023548,0.5791010931335306,0.5234365295877729,-0.01737979694283942,-0.043475377036240444,0.10154926463694848,0.8865262983952281,1.341567677074938
RF_bivariate_exact,Matchweek,21–30,398,False,214,0.5376884422110553,0.4623115577889447,1.0020611780897335,0.5987006803145299,0.5216410601187599,-0.016047382092295392,0.07868656342261143,0.1204771961545516,0.8773828469220343,1.2423242085557276
RF_bivariate_exact,Matchweek,31+,280,False,151,0.5392857142857143,0.46071428571428574,0.9701323677999738,0.5756471315704403,0.5239843706347426,-0.015301343650971688,-0.21617292005638242,-0.03840063296769617,0.9193929805751919,1.4517011076926793
RF_bivariate_exact,Market favorite strength,≤40%,262,False,105,0.40076335877862596,0.5992366412213741,1.0859905182223288,0.6579515985728374,0.39678283347001175,-0.003980525308614202,-0.08575636425364176,0.16774673244119223,0.8618786883840974,1.1687191675908908
RF_bivariate_exact,Market favorite strength,40–55%,660,False,323,0.4893939393939394,0.5106060606060606,1.0432244096686374,0.6272737033565713,0.474479159804641,-0.014914779589298377,-0.024810275431201415,0.05278874140463615,0.8948468067402435,1.3307025613956605
RF_bivariate_exact,Market favorite strength,55–70%,379,False,235,0.6200527704485488,0.3799472295514512,0.9154823362635888,0.5364333653575246,0.6161991300720762,-0.0038536403764726224,-0.005799504084377212,0.04053981203942215,0.8891921357853583,1.3820210237327337
RF_bivariate_exact,Market favorite strength,70%+,146,False,114,0.7808219178082192,0.2191780821917808,0.6598315657685749,0.3641121286297311,0.7342156901223353,-0.04660622768588385,-0.20425392928368036,-0.008810635899460701,0.981431268506521,1.6377814470128333
RF_bivariate_exact,Prediction confidence,≤40%,189,False,69,0.36507936507936506,0.6349206349206349,1.1000070687883405,0.6673387651550056,0.3839780771569162,0.018898712077551116,-0.0038241264098759237,0.09482451873481143,0.874081809209443,1.185825700459211
RF_bivariate_exact,Prediction confidence,40–50%,517,False,239,0.4622823984526112,0.5377176015473888,1.0639881341388584,0.642454368002718,0.44182618225004644,-0.02045621620256477,-0.07845633718097905,0.04513167242083405,0.8966632658587184,1.333165886251252
RF_bivariate_exact,Prediction confidence,50–60%,379,False,210,0.554089709762533,0.445910290237467,0.9967422838620281,0.5942861247721742,0.5519425669760892,-0.0021471427864437898,0.021702595485300537,0.10304219361125622,0.8561076825187516,1.2563394377931145
RF_bivariate_exact,Prediction confidence,60–70%,226,False,154,0.6814159292035398,0.31858407079646023,0.838603247644947,0.48151634622271283,0.6478768054096349,-0.03353912379390489,-0.06494083219060871,0.048947759094515354,0.9344481237125553,1.523344962504384
RF_bivariate_exact,Prediction confidence,70–80%,119,False,88,0.7394957983193278,0.26050420168067223,0.7386129631431385,0.41794870702498255,0.7323741706448831,-0.007121627674444686,-0.06383876577930774,-0.019838589423204402,0.941292318734896,1.4174468675142176
RF_bivariate_exact,Prediction confidence,80%+,17,True,17,1.0,0.0,0.18782568737508915,0.04609486760009481,0.8290234633056718,-0.17097653669432822,-0.9134818361484901,0.22700868665624307,1.1919793833622407,2.6410332603569238
RF_bivariate_simulated,Overall,All matches,1447,False,781,0.539737387698687,0.46026261230131305,0.9789245568658821,0.5825695517849343,0.5237874084312371,-0.0159499792674499,-0.04897168966305693,0.0641799925005335,0.8961326146992378,1.3457983218303586
RF_bivariate_simulated,Actual outcome (retrospective),Away,423,False,252,0.5957446808510638,0.4042553191489362,0.975713612714459,0.5743769306364066,0.5034959338061465,-0.09224874704491726,0.7462122065656408,-0.7953625480297665,0.9596838009721419,1.4853055656901628
RF_bivariate_simulated,Actual outcome (retrospective),Draw,352,False,0,0.0,1.0,1.42578928336955,0.9101357696022728,0.5042145454545455,0.5042145454545455,0.41603113075354775,0.18398348397566888,0.7311540958398095,0.8384932737583367
RF_bivariate_simulated,Actual outcome (retrospective),Home,672,False,529,0.7872023809523809,0.21279761904761907,0.7468737319354665,0.4161442096333334,0.5468126190476191,-0.2403897619047618,-0.7930844588466641,0.5424771139961723,0.9425467320282263,1.5237147098789519
RF_bivariate_simulated,Actual total goals (retrospective),0–1,346,False,164,0.47398843930635837,0.5260115606936416,1.0492394117504429,0.630536645699422,0.5090419075144508,0.03505346820809241,1.016941724460385,0.9534360610549485,0.9933006517434233,1.2632016481907888
RF_bivariate_simulated,Actual total goals (retrospective),2–3,686,False,369,0.5379008746355685,0.46209912536443154,0.9775365562156745,0.5820265932279883,0.5202767930029155,-0.017624081632652944,0.1448803564784201,0.14078671699589326,0.6244198157665203,0.6087616146567416
RF_bivariate_simulated,Actual total goals (retrospective),4–5,312,False,174,0.5576923076923077,0.4423076923076923,0.9643275228162045,0.5730222101461538,0.533772564102564,-0.02391974358974369,-0.9349556506078124,-0.5902919721828584,1.030641178563271,1.6313274925471923
RF_bivariate_simulated,Actual total goals (retrospective),6+,103,False,74,0.7184466019417476,0.2815533980582524,0.7961818702589283,0.45397368447378644,0.566455922330097,-0.15199067961165058,-2.2369478947601493,-1.4507671894647691,1.9719400644563032,5.667162680439489
RF_bivariate_simulated,Player rating gap (absolute),0–2,441,False,209,0.47392290249433106,0.526077097505669,1.0526754781540135,0.6340897798984126,0.45743319727891163,-0.016489705215419426,-0.049905099267729174,0.14102782418190024,0.8567516255772588,1.2604378542632648
RF_bivariate_simulated,Player rating gap (absolute),2–5,530,False,275,0.5188679245283019,0.4811320754716981,0.9980245007946258,0.5955807040045281,0.4976838867924529,-0.021184037735848982,-0.05449160539146636,0.014413206600806253,0.8870415791907615,1.3316764457464103
RF_bivariate_simulated,Player rating gap (absolute),5+,476,False,297,0.6239495798319328,0.3760504201680672,0.8893297531467642,0.5203503684352941,0.6143274789915966,-0.009622100840336212,-0.041960788461969795,0.04839533442358537,0.9427403143258875,1.440606222085781
RF_bivariate_simulated,Matchweek,1–10,377,False,203,0.5384615384615384,0.46153846153846156,0.9654133869646894,0.5739018661984084,0.5259223872679045,-0.012539151193633913,-0.06527459355609908,0.04207795907700673,0.9086397264266427,1.3807806289549693
RF_bivariate_simulated,Matchweek,11–20,392,False,213,0.5433673469387755,0.45663265306122447,0.9742434449389994,0.5791056974163266,0.5236894897959183,-0.01967785714285719,-0.043475377036240444,0.10154926463694848,0.8865262983952281,1.341567677074938
RF_bivariate_simulated,Matchweek,21–30,398,False,214,0.5376884422110553,0.4623115577889447,1.00244634113565,0.5989999909829146,0.5215309547738693,-0.016157487437185925,0.07868656342261143,0.1204771961545516,0.8773828469220343,1.2423242085557276
RF_bivariate_simulated,Matchweek,31+,280,False,151,0.5392857142857143,0.46071428571428574,0.970235402539882,0.5757346717057144,0.5242572857142856,-0.01502842857142861,-0.21617292005638242,-0.03840063296769617,0.9193929805751919,1.4517011076926793
RF_bivariate_simulated,Market favorite strength,≤40%,262,False,109,0.41603053435114506,0.583969465648855,1.0862484208834313,0.658163182372519,0.3969193129770992,-0.01911122137404586,-0.08575636425364176,0.16774673244119223,0.8618786883840974,1.1687191675908908
RF_bivariate_simulated,Market favorite strength,40–55%,660,False,323,0.4893939393939394,0.5106060606060606,1.0431335306601732,0.6272310523236364,0.4746012424242424,-0.014792696969696983,-0.024810275431201415,0.05278874140463615,0.8948468067402435,1.3307025613956605
RF_bivariate_simulated,Market favorite strength,55–70%,379,False,235,0.6200527704485488,0.3799472295514512,0.9159542207256447,0.5367634548812665,0.6161447493403694,-0.003908021108179338,-0.005799504084377212,0.04053981203942215,0.8891921357853583,1.3820210237327337
RF_bivariate_simulated,Market favorite strength,70%+,146,False,114,0.7808219178082192,0.2191780821917808,0.659534024813278,0.36392838162739727,0.734053698630137,-0.04676821917808216,-0.20425392928368036,-0.008810635899460701,0.981431268506521,1.6377814470128333
RF_bivariate_simulated,Prediction confidence,≤40%,185,False,73,0.3945945945945946,0.6054054054054054,1.0986144868892695,0.6663299478702702,0.3836292972972973,-0.010965297297297338,-0.010907676848240948,0.08067192148184088,0.8789734033190411,1.2064184630428862
RF_bivariate_simulated,Prediction confidence,40–50%,524,False,241,0.4599236641221374,0.5400763358778626,1.0643295983528214,0.6426933398549618,0.44203045801526714,-0.017893206106870285,-0.08006820489413485,0.057368620483187145,0.892084241232071,1.3179457007077184
RF_bivariate_simulated,Prediction confidence,50–60%,377,False,209,0.5543766578249337,0.4456233421750663,0.9960678614093538,0.593785065612732,0.5525599999999999,-0.0018166578249337872,0.03401147577337827,0.10682511411506251,0.8530826114602954,1.24023977530441
RF_bivariate_simulated,Prediction confidence,60–70%,229,False,156,0.6812227074235808,0.3187772925764192,0.8372417145140931,0.48104609838253276,0.6488206986899564,-0.03240200873362442,-0.06478699682240584,0.022483369360395744,0.9418384158453061,1.551490700156236
RF_bivariate_simulated,Prediction confidence,70–80%,115,False,85,0.7391304347826086,0.26086956521739135,0.7401807138952115,0.41860471273739125,0.7333024347826087,-0.005827999999999944,-0.08126337600609096,-0.012155832496730608,0.9485641755122158,1.4419119808968914
RF_bivariate_simulated,Prediction confidence,80%+,17,True,17,1.0,0.0,0.18733680591382684,0.04586604484705883,0.8294211764705883,-0.17057882352941167,-0.9134818361484901,0.22700868665624307,1.1919793833622407,2.6410332603569238
RF_vector,Overall,All matches,1447,False,779,0.5383552176917761,0.4616447823082239,0.9788412680858174,0.582661372914424,0.5222711327325792,-0.016084084959196887,-0.046028324374980764,0.054886596099716044,0.8964993627909387,1.3453462032321561
RF_vector,Actual outcome (retrospective),Away,423,False,245,0.5791962174940898,0.4208037825059102,0.9788858456238565,0.5777333737246505,0.4993237777454281,-0.0798724397486617,0.7502230301132607,-0.8041542241187886,0.9629067756708334,1.493000662573123
RF_vector,Actual outcome (retrospective),Draw,352,False,0,0.0,1.0,1.4340537801062916,0.9143565678685884,0.5029755505420791,0.5029755505420791,0.4189123908744163,0.17582943180229557,0.7333579872374276,0.8413664241299105
RF_vector,Actual outcome (retrospective),Home,672,False,534,0.7946428571428571,0.2053571428571429,0.7403685589640949,0.4120182702855676,0.5468228828674319,-0.24781997427542524,-0.7907804891314004,0.5322711032204296,0.9401532743186775,1.5163924025517421
RF_vector,Actual total goals (retrospective),0–1,346,False,163,0.47109826589595377,0.5289017341040463,1.0490996406995072,0.630585946489535,0.5065149503177849,0.03541668442183116,1.0192477280721506,0.9459801093438832,0.9900767938908246,1.258489545473534
RF_vector,Actual total goals (retrospective),2–3,686,False,370,0.5393586005830904,0.4606413994169096,0.9779857335058137,0.5824636104167613,0.5187378204137608,-0.020620780169329556,0.1469528521458142,0.13132720725006522,0.6261217755199393,0.6092066680487832
RF_vector,Actual total goals (retrospective),4–5,312,False,173,0.5544871794871795,0.4455128205128205,0.9649381575460573,0.5735575259729221,0.5330482543906968,-0.02143892509648271,-0.9309980828899861,-0.5988123683185407,1.0321614797816185,1.632673755836515
RF_vector,Actual total goals (retrospective),6+,103,False,73,0.7087378640776699,0.2912621359223301,0.7906400087261182,0.4505658667217717,0.5660869522364196,-0.14265091184125034,-2.2291354756690693,-1.4674681411150923,1.9719814327545593,5.669597934375044
RF_vector,Player rating gap (absolute),0–2,441,False,205,0.46485260770975056,0.5351473922902494,1.0523746792665019,0.6339764074604405,0.4582379127120953,-0.006614694997655268,-0.0505631747331418,0.13035209778668283,0.8578985318813152,1.2587341358650712
RF_vector,Player rating gap (absolute),2–5,530,False,277,0.5226415094339623,0.47735849056603774,0.9971189699981484,0.5950708083097793,0.4970413110488185,-0.02560019838514377,-0.0527805546695951,9.851948476004077e-05,0.8867264089252762,1.3305573021614356
RF_vector,Player rating gap (absolute),5+,476,False,297,0.6239495798319328,0.3760504201680672,0.8903635026567894,0.5213022741868367,0.6096880560969207,-0.014261523735012105,-0.03430867928234503,0.0459735590450403,0.9431435476227561,1.442056369779145
RF_vector,Matchweek,1–10,377,False,201,0.53315649867374,0.46684350132625996,0.9644439556501666,0.5732962479197231,0.5260693058056278,-0.007087192868112213,-0.05810637459346894,0.029986292532300854,0.9093732602340954,1.3797380583082266
RF_vector,Matchweek,11–20,392,False,208,0.5306122448979592,0.4693877551020408,0.9736501879844263,0.5787521511829937,0.5213911918279535,-0.009221053070005758,-0.042118590326857976,0.09121819909682949,0.8864603129907981,1.3399113407037588
RF_vector,Matchweek,21–30,398,False,217,0.5452261306532663,0.4547738693467337,1.002930197766095,0.5995079402621485,0.5197054355981909,-0.02552069505507537,0.08185080902943412,0.11305597384342773,0.8774394300626387,1.242935710105357
RF_vector,Matchweek,31+,280,False,153,0.5464285714285714,0.4535714285714286,0.9712530401402291,0.5767975630477404,0.5220360364667235,-0.0243925349618479,-0.21701077405159228,-0.04513478344296323,0.9203125821175401,1.4522180354175829
RF_vector,Market favorite strength,≤40%,262,False,107,0.4083969465648855,0.5916030534351144,1.0867261049336967,0.658475013785544,0.3929463890625154,-0.015450557502370121,-0.08719861458047219,0.1432504790345041,0.8560443614212324,1.162487757378968
RF_vector,Market favorite strength,40–55%,660,False,323,0.4893939393939394,0.5106060606060606,1.044539276606467,0.6282830418696308,0.47143552166470726,-0.017958417729232123,-0.02275339093115159,0.04915574347304604,0.8977824526263034,1.3326283058104553
RF_vector,Market favorite strength,55–70%,379,False,235,0.6200527704485488,0.3799472295514512,0.9128090115805164,0.5350611584468972,0.6170358817580498,-0.0030168886904989867,6.65416608572745e-05,0.03040146683115857,0.889575550126208,1.3827737530057604
RF_vector,Market favorite strength,70%+,146,False,114,0.7808219178082192,0.2191780821917808,0.6596612156045565,0.36394223500019673,0.7381529564702426,-0.042668961337976596,-0.19702006592752272,-0.014216901177879751,0.9812698838009055,1.6338234891750467
RF_vector,Prediction confidence,≤40%,211,False,80,0.3791469194312796,0.6208530805687205,1.094652900968399,0.6639686205459162,0.38545033912241145,0.006303419691131851,-0.024728166853660666,0.06252939116480744,0.8948886584798681,1.264484383095086
RF_vector,Prediction confidence,40–50%,496,False,234,0.4717741935483871,0.5282258064516129,1.0618844877390896,0.6406901165992758,0.436772802405668,-0.03500139114271911,-0.05912118387569198,0.04721409153983744,0.8846593053461721,1.2873841530357917
RF_vector,Prediction confidence,50–60%,385,False,212,0.5506493506493506,0.4493506493506494,0.9954917234443341,0.594038495455588,0.554818681801277,0.004169331151926414,0.0045823672335298425,0.06733901396908985,0.8638789046053885,1.2832596334480613
RF_vector,Prediction confidence,60–70%,216,False,144,0.6666666666666666,0.33333333333333337,0.854624689011542,0.4935249274681342,0.6505597410428843,-0.016106925623782353,-0.03438394559419778,0.06807441692994798,0.94142458678705,1.524128510628577
RF_vector,Prediction confidence,70–80%,116,False,89,0.7672413793103449,0.23275862068965514,0.6981168913667359,0.3861173745980288,0.7288899271551433,-0.038351452155201526,-0.1390779762651708,0.015063699443799188,0.9402029983825385,1.455244159082265
RF_vector,Prediction confidence,80%+,23,True,20,0.8695652173913043,0.13043478260869568,0.42921918026757294,0.22328301312403387,0.8295508437935075,-0.040014373597796804,-0.44632473269278233,0.01878391505679685,1.0703225537427299,2.143137900491111
Market,Overall,All matches,1447,False,778,0.5376641326883207,0.4623358673116793,0.9806747764076013,0.583973471117257,0.5210548066436925,-0.01660932604462817,,,,
Market,Actual outcome (retrospective),Away,423,False,249,0.5886524822695035,0.4113475177304965,1.0088802427258767,0.5936537860509503,0.4988706494782359,-0.08978183279126761,,,,
Market,Actual outcome (retrospective),Draw,352,False,0,0.0,1.0,1.3761706363166353,0.8839173665372567,0.5029616134812263,0.5029616134812263,,,,
Market,Actual outcome (retrospective),Home,672,False,529,0.7872023809523809,0.21279761904761907,0.7557559446507406,0.42076658956250684,0.5444963281826452,-0.24270605276973578,,,,
Market,Actual total goals (retrospective),0–1,346,False,162,0.4682080924855491,0.5317919075144508,1.0620319563775131,0.6377960704698401,0.504206510847841,0.03599841836229184,,,,
Market,Actual total goals (retrospective),2–3,686,False,368,0.5364431486880467,0.46355685131195334,0.9764684033197646,0.5818626683209821,0.5168442201162307,-0.019598928571816,,,,
Market,Actual total goals (retrospective),4–5,312,False,175,0.5608974358974359,0.4391025641025641,0.9594769293412636,0.570865327671324,0.5336689014208695,-0.02722853447656637,,,,
Market,Actual total goals (retrospective),6+,103,False,73,0.7087378640776699,0.2912621359223301,0.7996040575082206,0.4569359186646549,0.5674856331749951,-0.1412522309026748,,,,
Market,Player rating gap (absolute),0–2,441,False,202,0.4580498866213152,0.5419501133786848,1.0500388378860164,0.6330040783374313,0.4616962320330321,0.0036463454117169336,,,,
Market,Player rating gap (absolute),2–5,530,False,280,0.5283018867924528,0.4716981132075472,0.9989191352753078,0.5964240355188745,0.4956851128985035,-0.03261677389394935,,,,
Market,Player rating gap (absolute),5+,476,False,296,0.6218487394957983,0.37815126050420167,0.8960969165087243,0.5246850322160931,0.6042965484257331,-0.017552191070065226,,,,
Market,Matchweek,1–10,377,False,202,0.5358090185676393,0.4641909814323607,0.963234320685379,0.5732755208855088,0.5267881704806557,-0.009020848086983557,,,,
Market,Matchweek,11–20,392,False,210,0.5357142857142857,0.4642857142857143,0.9787843141029104,0.5815219969702299,0.5215034954364729,-0.014210790277812801,,,,
Market,Matchweek,21–30,398,False,213,0.535175879396985,0.46482412060301503,1.0007892102841507,0.5988521172960993,0.5150649664673379,-0.020110912929647062,,,,
Market,Matchweek,31+,280,False,153,0.5464285714285714,0.4535714285714286,0.9782125205070656,0.5806606279880587,0.5212212074182783,-0.02520736401029311,,,,
Market,Market favorite strength,≤40%,262,False,106,0.40458015267175573,0.5954198473282443,1.0886299094353444,0.6599849455845631,0.3778175437044936,-0.026762608967262125,,,,
Market,Market favorite strength,40–55%,660,False,323,0.4893939393939394,0.5106060606060606,1.04503753125326,0.6286099589358914,0.4696823943829248,-0.019711545011014575,,,,
Market,Market favorite strength,55–70%,379,False,235,0.6200527704485488,0.3799472295514512,0.9179983522125554,0.5388225752933447,0.6154661018203293,-0.004586668628219437,,,,
Market,Market favorite strength,70%+,146,False,114,0.7808219178082192,0.2191780821917808,0.658693281328964,0.36299471253184495,0.7652470950699345,-0.0155748227382847,,,,
Market,Prediction confidence,≤40%,262,False,106,0.40458015267175573,0.5954198473282443,1.0886299094353444,0.6599849455845631,0.3778175437044936,-0.026762608967262125,,,,
Market,Prediction confidence,40–50%,488,False,229,0.4692622950819672,0.5307377049180328,1.0591257137367116,0.6389920511729267,0.4493609050526979,-0.019901390029269328,,,,
Market,Prediction confidence,50–60%,333,False,190,0.5705705705705706,0.4294294294294294,0.9809508392572841,0.5822345607529915,0.5496331420972306,-0.020937428473340014,,,,
Market,Prediction confidence,60–70%,218,False,139,0.6376146788990825,0.3623853211009175,0.8905328822913722,0.5201105469299615,0.6464957564153251,0.008881077516242564,,,,
Market,Prediction confidence,70–80%,110,False,85,0.7727272727272727,0.2272727272727273,0.6776139395494216,0.375704761599154,0.7427795288690748,-0.029947743858197873,,,,
Market,Prediction confidence,80%+,36,False,29,0.8055555555555556,0.19444444444444442,0.6008801589886765,0.32415845149284506,0.8338979917947831,0.028342436239227498,,,,
