model,matchweek,matches,small_sample,errors,error_rate,mean_log_loss,goal_mae,goal_mse,error_rate_rank,mean_log_loss_rank,goal_mse_rank
Market,7,29,True,19,0.6551724137931034,1.1597966135830708,,,1.0,1.0,
Market,37,32,False,19,0.59375,1.0891083930613985,,,2.0,3.0,
Market,2,39,False,23,0.5897435897435898,1.0620534623162134,,,3.0,6.0,
Market,19,40,False,23,0.575,1.0654926242575304,,,4.0,5.0,
Market,35,30,False,17,0.5666666666666667,1.0292173954427737,,,5.0,10.0,
Market,5,39,False,22,0.5641025641025641,1.0049011130491186,,,6.0,16.0,
Market,28,36,False,20,0.5555555555555556,1.0865550362561394,,,7.0,4.0,
Market,24,39,False,21,0.5384615384615384,1.096134907658851,,,8.0,2.0,
Market,13,39,False,21,0.5384615384615384,1.0251087069701714,,,8.0,11.0,
Market,36,31,False,16,0.5161290322580645,0.9910224322269584,,,10.0,18.0,
Market,9,39,False,20,0.5128205128205128,0.99540344978198,,,11.0,17.0,
Market,20,41,False,21,0.5121951219512195,1.02216314323384,,,12.0,13.0,
Market,3,39,False,19,0.4871794871794872,1.0519080681404085,,,13.0,7.0,
Market,22,40,False,19,0.475,0.9874680804676192,,,14.0,21.0,
Market,25,40,False,19,0.475,0.9713038948990196,,,14.0,24.0,
Market,29,45,False,21,0.4666666666666667,1.0394140587819345,,,16.0,8.0,
Market,38,30,False,14,0.4666666666666667,0.9496129794367654,,,16.0,27.0,
Market,16,39,False,18,0.4615384615384615,1.0372800085893992,,,18.0,9.0,
Market,31,39,False,18,0.4615384615384615,1.0237957187515148,,,18.0,12.0,
Market,33,39,False,18,0.4615384615384615,0.9876800493109406,,,18.0,20.0,
Market,11,39,False,18,0.4615384615384615,0.9491786183189868,,,18.0,28.0,
Market,15,39,False,18,0.4615384615384615,0.9285742331878748,,,18.0,30.0,
Market,23,40,False,18,0.4499999999999999,1.0054890365657072,,,23.0,15.0,
Market,6,39,False,17,0.4358974358974359,1.0166820392206448,,,24.0,14.0,
Market,26,39,False,17,0.4358974358974359,0.9893384621819342,,,24.0,19.0,
Market,18,39,False,17,0.4358974358974359,0.9866040733003232,,,24.0,22.0,
Market,30,39,False,17,0.4358974358974359,0.9862401329257728,,,24.0,23.0,
Market,21,39,False,17,0.4358974358974359,0.957750449474346,,,24.0,26.0,
Market,8,36,False,15,0.4166666666666666,0.8700399773744488,,,29.0,34.0,
Market,17,39,False,16,0.4102564102564102,0.9366526333480648,,,30.0,29.0,
Market,12,38,False,15,0.3947368421052631,0.9689215369557428,,,31.0,25.0,
Market,27,41,False,16,0.3902439024390244,0.8952428567803624,,,32.0,32.0,
Market,14,39,False,15,0.3846153846153846,0.863166825801437,,,33.0,35.0,
Market,4,39,False,15,0.3846153846153846,0.8499637411145826,,,33.0,36.0,
Market,10,39,False,14,0.3589743589743589,0.8273900216416451,,,35.0,38.0,
Market,32,37,False,12,0.3243243243243243,0.8861883058809608,,,36.0,33.0,
Market,34,42,False,13,0.3095238095238095,0.8982121011085802,,,37.0,31.0,
Market,1,39,False,11,0.282051282051282,0.8374365129148591,,,38.0,37.0,
RF_bivariate_exact,7,29,True,19,0.6551724137931034,1.1297685236364945,0.9746108108008072,1.4707923797550622,1.0,1.0,12.0
RF_bivariate_exact,2,39,False,24,0.6153846153846154,1.0666936376146274,0.9244378088103355,1.216786303734451,2.0,6.0,28.0
RF_bivariate_exact,35,30,False,17,0.5666666666666667,1.0177974654594495,1.027208025214178,1.6705979437332537,3.0,11.0,3.0
RF_bivariate_exact,5,39,False,22,0.5641025641025641,1.0131031819133638,0.8816593673669079,1.2947584605580933,4.0,12.0,23.0
RF_bivariate_exact,37,32,False,18,0.5625,1.0696615014309911,0.8210363672043017,1.0394185700589158,5.0,4.0,35.0
RF_bivariate_exact,28,36,False,20,0.5555555555555556,1.095035872033425,0.9019875757742912,1.417053756574432,6.0,2.0,14.0
RF_bivariate_exact,19,40,False,22,0.55,1.0684198834495675,1.0300431525015536,1.6301522920911276,7.0,5.0,5.0
RF_bivariate_exact,13,39,False,21,0.5384615384615384,1.0178996551928865,0.8393376410130683,1.191679915967048,8.0,10.0,30.0
RF_bivariate_exact,20,41,False,22,0.5365853658536586,1.0327670209793112,0.8650116887292201,1.3006129401187805,9.0,9.0,22.0
RF_bivariate_exact,36,31,False,16,0.5161290322580645,1.0006205549461284,0.9085076747865518,1.3819082712528945,10.0,17.0,16.0
RF_bivariate_exact,24,39,False,20,0.5128205128205128,1.0835673978042406,0.9816473610742148,1.4984843367806813,11.0,3.0,10.0
RF_bivariate_exact,31,39,False,20,0.5128205128205128,1.0027379795841846,0.9314897706095068,1.5100049024962865,11.0,15.0,9.0
RF_bivariate_exact,9,39,False,20,0.5128205128205128,0.9946074364156304,0.8835294981275481,1.377355786968824,11.0,18.0,17.0
RF_bivariate_exact,22,40,False,20,0.5,0.9694261575794286,0.8963572749090458,1.3436706904389315,14.0,23.0,19.0
RF_bivariate_exact,29,45,False,22,0.4888888888888889,1.0456218423022634,0.9148460184450428,1.397636118546974,15.0,7.0,15.0
RF_bivariate_exact,3,39,False,19,0.4871794871794872,1.043860756742853,1.003611936258712,1.517596264805693,16.0,8.0,8.0
RF_bivariate_exact,25,40,False,19,0.475,0.9836681629756774,0.8374864480982271,1.1173471080869226,17.0,22.0,31.0
RF_bivariate_exact,38,30,False,14,0.4666666666666667,0.9466013975725578,0.8460601149246547,1.2613604600543131,18.0,28.0,26.0
RF_bivariate_exact,16,39,False,18,0.4615384615384615,1.007527445405476,0.9207333743816182,1.6194814589278117,19.0,14.0,6.0
RF_bivariate_exact,33,39,False,18,0.4615384615384615,0.985711363299385,0.8629144223821945,1.3547961345240356,19.0,21.0,18.0
RF_bivariate_exact,11,39,False,18,0.4615384615384615,0.9300270570159552,0.8904190783033433,1.3388806464369871,19.0,29.0,20.0
RF_bivariate_exact,23,40,False,18,0.4499999999999999,1.008824234564613,0.722864593429436,0.8614988223836082,22.0,13.0,38.0
RF_bivariate_exact,8,36,False,16,0.4444444444444444,0.8830041253333505,0.9514856662398594,1.4791387337576891,23.0,33.0,11.0
RF_bivariate_exact,6,39,False,17,0.4358974358974359,1.0021885120897691,0.845039225668111,1.2754557924165546,24.0,16.0,25.0
RF_bivariate_exact,30,39,False,17,0.4358974358974359,0.9918137906079898,0.7636487928364094,1.0182681169152312,24.0,19.0,36.0
RF_bivariate_exact,26,39,False,17,0.4358974358974359,0.9878310215353588,1.005682683865574,1.605099938719283,24.0,20.0,7.0
RF_bivariate_exact,15,39,False,17,0.4358974358974359,0.927288055579232,0.8220521979455637,1.0508933683756767,24.0,30.0,34.0
RF_bivariate_exact,18,39,False,16,0.4102564102564102,0.969037066839814,0.9878015286552888,1.7632794861426782,28.0,24.0,2.0
RF_bivariate_exact,21,39,False,16,0.4102564102564102,0.9595367079266875,0.9043289732699538,1.0639895018646237,28.0,25.0,33.0
RF_bivariate_exact,17,39,False,16,0.4102564102564102,0.953009988166602,0.7112416734701256,0.970078340441857,28.0,26.0,37.0
RF_bivariate_exact,10,39,False,16,0.4102564102564102,0.8526337154229867,0.8848854695939627,1.2568240476040955,28.0,37.0,27.0
RF_bivariate_exact,12,38,False,15,0.3947368421052631,0.9518326254630322,0.896079410941417,1.2097611428147073,32.0,27.0,29.0
RF_bivariate_exact,14,39,False,15,0.3846153846153846,0.878484912481534,0.9002115835949758,1.33217816211568,33.0,35.0,21.0
RF_bivariate_exact,27,41,False,15,0.3658536585365853,0.9020030385615412,0.8471563958243888,1.1070481883071892,34.0,31.0,32.0
RF_bivariate_exact,34,42,False,14,0.3333333333333333,0.89002743446402,0.9409125454996108,1.4706396932400734,35.0,32.0,13.0
RF_bivariate_exact,4,39,False,13,0.3333333333333333,0.8530861328561168,0.8791956275129161,1.6649642015578674,35.0,36.0,4.0
RF_bivariate_exact,32,37,False,12,0.3243243243243243,0.8790814925395323,1.007972925684,1.8627810764789885,37.0,34.0,1.0
RF_bivariate_exact,1,39,False,11,0.282051282051282,0.8521450020264277,0.8781533580714028,1.2847802625557,38.0,38.0,24.0
RF_bivariate_simulated,7,29,True,19,0.6551724137931034,1.1280870055309151,0.9746108108008072,1.4707923797550622,1.0,1.0,12.0
RF_bivariate_simulated,2,39,False,24,0.6153846153846154,1.066336709209737,0.9244378088103355,1.216786303734451,2.0,6.0,28.0
RF_bivariate_simulated,35,30,False,17,0.5666666666666667,1.017397670516113,1.027208025214178,1.6705979437332537,3.0,11.0,3.0
RF_bivariate_simulated,37,32,False,18,0.5625,1.0691610790001222,0.8210363672043017,1.0394185700589158,4.0,4.0,35.0
RF_bivariate_simulated,28,36,False,20,0.5555555555555556,1.0957824421366529,0.9019875757742912,1.417053756574432,5.0,2.0,14.0
RF_bivariate_simulated,13,39,False,21,0.5384615384615384,1.0184349711483534,0.8393376410130683,1.191679915967048,6.0,10.0,30.0
RF_bivariate_simulated,5,39,False,21,0.5384615384615384,1.0123510401962166,0.8816593673669079,1.2947584605580933,6.0,12.0,23.0
RF_bivariate_simulated,20,41,False,22,0.5365853658536586,1.0320966742827455,0.8650116887292201,1.3006129401187805,8.0,9.0,22.0
RF_bivariate_simulated,19,40,False,21,0.525,1.0684394471976273,1.0300431525015536,1.6301522920911276,9.0,5.0,5.0
RF_bivariate_simulated,36,31,False,16,0.5161290322580645,1.0003183078513285,0.9085076747865518,1.3819082712528945,10.0,17.0,16.0
RF_bivariate_simulated,24,39,False,20,0.5128205128205128,1.083432571011132,0.9816473610742148,1.4984843367806813,11.0,3.0,10.0
RF_bivariate_simulated,31,39,False,20,0.5128205128205128,1.0021162486636943,0.9314897706095068,1.5100049024962865,11.0,16.0,9.0
RF_bivariate_simulated,22,40,False,20,0.5,0.9689783421434764,0.8963572749090458,1.3436706904389315,13.0,24.0,19.0
RF_bivariate_simulated,29,45,False,22,0.4888888888888889,1.0464126040857906,0.9148460184450428,1.397636118546974,14.0,7.0,15.0
RF_bivariate_simulated,3,39,False,19,0.4871794871794872,1.0428322335173088,1.003611936258712,1.517596264805693,15.0,8.0,8.0
RF_bivariate_simulated,9,39,False,19,0.4871794871794872,0.9954025272419684,0.8835294981275481,1.377355786968824,15.0,18.0,17.0
RF_bivariate_simulated,25,40,False,19,0.475,0.983658167859796,0.8374864480982271,1.1173471080869226,17.0,22.0,31.0
RF_bivariate_simulated,38,30,False,14,0.4666666666666667,0.9463358315412445,0.8460601149246547,1.2613604600543131,18.0,28.0,26.0
RF_bivariate_simulated,16,39,False,18,0.4615384615384615,1.0074853246975002,0.9207333743816182,1.6194814589278117,19.0,14.0,6.0
RF_bivariate_simulated,33,39,False,18,0.4615384615384615,0.9853992107270828,0.8629144223821945,1.3547961345240356,19.0,21.0,18.0
RF_bivariate_simulated,11,39,False,18,0.4615384615384615,0.9311305615972594,0.8904190783033433,1.3388806464369871,19.0,29.0,20.0
RF_bivariate_simulated,23,40,False,18,0.4499999999999999,1.0082751965979433,0.722864593429436,0.8614988223836082,22.0,13.0,38.0
RF_bivariate_simulated,6,39,False,17,0.4358974358974359,1.003110712975928,0.845039225668111,1.2754557924165546,23.0,15.0,25.0
RF_bivariate_simulated,30,39,False,17,0.4358974358974359,0.99241263987524,0.7636487928364094,1.0182681169152312,23.0,19.0,36.0
RF_bivariate_simulated,26,39,False,17,0.4358974358974359,0.9894086059013052,1.005682683865574,1.605099938719283,23.0,20.0,7.0
RF_bivariate_simulated,15,39,False,17,0.4358974358974359,0.9273775281287422,0.8220521979455637,1.0508933683756767,23.0,30.0,34.0
RF_bivariate_simulated,8,36,False,15,0.4166666666666666,0.8829089761382503,0.9514856662398594,1.4791387337576891,27.0,33.0,11.0
RF_bivariate_simulated,18,39,False,16,0.4102564102564102,0.969997704607326,0.9878015286552888,1.7632794861426782,28.0,23.0,2.0
RF_bivariate_simulated,21,39,False,16,0.4102564102564102,0.9595899480860492,0.9043289732699538,1.0639895018646237,28.0,25.0,33.0
RF_bivariate_simulated,17,39,False,16,0.4102564102564102,0.9533014683189338,0.7112416734701256,0.970078340441857,28.0,26.0,37.0
RF_bivariate_simulated,10,39,False,16,0.4102564102564102,0.8537837190241435,0.8848854695939627,1.2568240476040955,28.0,36.0,27.0
RF_bivariate_simulated,12,38,False,15,0.3947368421052631,0.9501917313913418,0.896079410941417,1.2097611428147073,32.0,27.0,29.0
RF_bivariate_simulated,14,39,False,15,0.3846153846153846,0.8779802130331439,0.9002115835949758,1.33217816211568,33.0,35.0,21.0
RF_bivariate_simulated,27,41,False,15,0.3658536585365853,0.9032081360264548,0.8471563958243888,1.1070481883071892,34.0,31.0,32.0
RF_bivariate_simulated,34,42,False,14,0.3333333333333333,0.891832144091915,0.9409125454996108,1.4706396932400734,35.0,32.0,13.0
RF_bivariate_simulated,4,39,False,13,0.3333333333333333,0.8533664349056022,0.8791956275129161,1.6649642015578674,35.0,37.0,4.0
RF_bivariate_simulated,32,37,False,12,0.3243243243243243,0.8800225029716331,1.007972925684,1.8627810764789885,37.0,34.0,1.0
RF_bivariate_simulated,1,39,False,11,0.282051282051282,0.8513192020140784,0.8781533580714028,1.2847802625557,38.0,38.0,24.0
RF_independent,7,29,True,19,0.6551724137931034,1.1306050406792572,0.9764684985897996,1.476368464281138,1.0,1.0,11.0
RF_independent,2,39,False,24,0.6153846153846154,1.069626229328363,0.9235990459427088,1.215951719971213,2.0,5.0,28.0
RF_independent,35,30,False,17,0.5666666666666667,1.0170154957238466,1.0292497025042506,1.6767637173730892,3.0,11.0,3.0
RF_independent,5,39,False,22,0.5641025641025641,1.0131469217029423,0.8821295263827937,1.294395527997059,4.0,12.0,23.0
RF_independent,37,32,False,18,0.5625,1.0708402190815096,0.8219843929730232,1.0433177785270862,5.0,4.0,35.0
RF_independent,28,36,False,20,0.5555555555555556,1.097461784563254,0.9021447479617476,1.4204547447740177,6.0,2.0,14.0
RF_independent,19,40,False,22,0.55,1.0686658290911866,1.0300502857916312,1.6297158772367455,7.0,6.0,5.0
RF_independent,13,39,False,21,0.5384615384615384,1.0177643871510829,0.8391188685424021,1.1935844609804416,8.0,10.0,30.0
RF_independent,20,41,False,22,0.5365853658536586,1.0322556388661022,0.8646016629297666,1.3017564097145828,9.0,9.0,22.0
RF_independent,36,31,False,16,0.5161290322580645,1.0008590406259936,0.9081846396275016,1.3796045679593925,10.0,17.0,16.0
RF_independent,24,39,False,20,0.5128205128205128,1.084632435532931,0.9813791831946068,1.4976601950376585,11.0,3.0,10.0
RF_independent,31,39,False,20,0.5128205128205128,1.001083329471163,0.9311935438745864,1.508991374986086,11.0,16.0,9.0
RF_independent,9,39,False,20,0.5128205128205128,0.995399261735827,0.881593246894162,1.3723375164754492,11.0,18.0,17.0
RF_independent,22,40,False,20,0.5,0.969193411467164,0.8965208632113821,1.3449782531487329,14.0,23.0,19.0
RF_independent,29,45,False,22,0.4888888888888889,1.0457548104707195,0.9158201532047108,1.398951899122064,15.0,7.0,15.0
RF_independent,3,39,False,19,0.4871794871794872,1.0441077035678208,1.0034138455993535,1.5171359811931908,16.0,8.0,8.0
RF_independent,25,40,False,19,0.475,0.9841237278045082,0.8359873576455901,1.1143912156837972,17.0,22.0,31.0
RF_independent,38,30,False,14,0.4666666666666667,0.9466321547640136,0.8453754010455297,1.256794082307926,18.0,28.0,26.0
RF_independent,16,39,False,18,0.4615384615384615,1.0072794868105233,0.9221129517053104,1.6219894348512351,19.0,14.0,6.0
RF_independent,33,39,False,18,0.4615384615384615,0.9860836678995036,0.8630129350652146,1.3542434214672914,19.0,21.0,18.0
RF_independent,11,39,False,18,0.4615384615384615,0.929460337516761,0.8892492466404244,1.3359179689160303,19.0,29.0,20.0
RF_independent,23,40,False,18,0.4499999999999999,1.0090670851240813,0.7233890029445075,0.8624754168730592,22.0,13.0,38.0
RF_independent,8,36,False,16,0.4444444444444444,0.8817292360915849,0.9504378511031768,1.4748419035567182,23.0,33.0,12.0
RF_independent,6,39,False,17,0.4358974358974359,1.002593770571296,0.8464613122049217,1.2786618365199105,24.0,15.0,25.0
RF_independent,30,39,False,17,0.4358974358974359,0.9918461650309724,0.7629323582440489,1.0183112202537037,24.0,19.0,36.0
RF_independent,26,39,False,17,0.4358974358974359,0.9880443786490024,1.0057409639670785,1.60542201400553,24.0,20.0,7.0
RF_independent,15,39,False,17,0.4358974358974359,0.9265128614661822,0.8216499414020356,1.0498027091061486,24.0,30.0,34.0
RF_independent,18,39,False,16,0.4102564102564102,0.9688595118341644,0.9883094316227896,1.7636530508562611,28.0,24.0,2.0
RF_independent,21,39,False,16,0.4102564102564102,0.9594757910443288,0.903194849957371,1.062213468129897,28.0,25.0,33.0
RF_independent,17,39,False,16,0.4102564102564102,0.9536525810563904,0.7105100197279282,0.9663832500486722,28.0,26.0,37.0
RF_independent,10,39,False,16,0.4102564102564102,0.8515608721101956,0.8835541961733363,1.2530468285501983,28.0,37.0,27.0
RF_independent,12,38,False,15,0.3947368421052631,0.9507090209677516,0.8950833100301162,1.2105010989071805,32.0,27.0,29.0
RF_independent,14,39,False,15,0.3846153846153846,0.8772178769294757,0.9003419865955624,1.330092633429947,33.0,35.0,21.0
RF_independent,27,41,False,15,0.3658536585365853,0.9016260617002116,0.8458315261596586,1.10419293823788,34.0,31.0,32.0
RF_independent,34,42,False,14,0.3333333333333333,0.8884301439574784,0.940557819901916,1.4701797853368064,35.0,32.0,13.0
RF_independent,4,39,False,13,0.3333333333333333,0.8531594717685678,0.8793160677069158,1.660263911038013,35.0,36.0,4.0
RF_independent,32,37,False,12,0.3243243243243243,0.8784779398345959,1.006903711168328,1.8581451758347487,37.0,34.0,1.0
RF_independent,1,39,False,11,0.282051282051282,0.8510441214071341,0.878089624912134,1.2830602541564773,38.0,38.0,24.0
RF_independent_calibrated,7,29,True,19,0.6551724137931034,1.1304389039207945,0.9766415267176332,1.4768153635604286,1.0,1.0,11.0
RF_independent_calibrated,2,39,False,24,0.6153846153846154,1.0697869167630836,0.9235169785775034,1.2158273922073302,2.0,5.0,28.0
RF_independent_calibrated,35,30,False,17,0.5666666666666667,1.0178897217308274,1.0292606109779163,1.67789854834304,3.0,11.0,3.0
RF_independent_calibrated,5,39,False,22,0.5641025641025641,1.01362828045001,0.8825422820343237,1.2952938286058395,4.0,12.0,23.0
RF_independent_calibrated,37,32,False,18,0.5625,1.0710308172848948,0.822114331463218,1.0431823882330555,5.0,4.0,35.0
RF_independent_calibrated,28,36,False,20,0.5555555555555556,1.0967577692718022,0.901381178972279,1.418913598748825,6.0,2.0,14.0
RF_independent_calibrated,19,40,False,22,0.55,1.0683276451792485,1.0306359268588128,1.6302904592698362,7.0,6.0,5.0
RF_independent_calibrated,13,39,False,21,0.5384615384615384,1.018013757504189,0.839193396827198,1.193951331367368,8.0,10.0,30.0
RF_independent_calibrated,20,41,False,22,0.5365853658536586,1.0328104760578087,0.8653159889209534,1.3028016140700294,9.0,9.0,22.0
RF_independent_calibrated,36,31,False,16,0.5161290322580645,1.001350239545544,0.9082479372550556,1.3798150463775205,10.0,16.0,16.0
RF_independent_calibrated,24,39,False,20,0.5128205128205128,1.0846375970052122,0.9815979914456556,1.4980033683378824,11.0,3.0,10.0
RF_independent_calibrated,31,39,False,20,0.5128205128205128,1.0010992633079188,0.9315785238401112,1.5094144142329504,11.0,17.0,9.0
RF_independent_calibrated,9,39,False,20,0.5128205128205128,0.9954013492897492,0.8816651508146549,1.372888793775704,11.0,18.0,17.0
RF_independent_calibrated,29,45,False,23,0.5111111111111111,1.0455440387543082,0.9161905902031918,1.3985422505135434,14.0,7.0,15.0
RF_independent_calibrated,22,40,False,20,0.5,0.9702304681347677,0.8969563398516346,1.3468427490115882,15.0,23.0,19.0
RF_independent_calibrated,3,39,False,19,0.4871794871794872,1.0437317277541676,1.0032617476288943,1.5160301863222043,16.0,8.0,8.0
RF_independent_calibrated,25,40,False,19,0.475,0.9850265153667244,0.8370453748085138,1.1164454664848606,17.0,22.0,31.0
RF_independent_calibrated,38,30,False,14,0.4666666666666667,0.9474556609445436,0.8458105323242279,1.2573092821421736,18.0,28.0,26.0
RF_independent_calibrated,16,39,False,18,0.4615384615384615,1.0070877421544853,0.9220750026770546,1.6226531678925291,19.0,14.0,6.0
RF_independent_calibrated,33,39,False,18,0.4615384615384615,0.9864069326634536,0.8628737002588681,1.3531630392354788,19.0,21.0,18.0
RF_independent_calibrated,11,39,False,18,0.4615384615384615,0.9297248902618918,0.8894737057315487,1.337304160718404,19.0,29.0,20.0
RF_independent_calibrated,23,40,False,18,0.4499999999999999,1.0089563083142397,0.7233251797491655,0.86286391169245,22.0,13.0,38.0
RF_independent_calibrated,8,36,False,16,0.4444444444444444,0.8822922391218692,0.9506049455033077,1.4762108992907492,23.0,33.0,12.0
RF_independent_calibrated,6,39,False,17,0.4358974358974359,1.0027870501832312,0.8464722466101787,1.2790142438564165,24.0,15.0,25.0
RF_independent_calibrated,30,39,False,17,0.4358974358974359,0.9923216977980562,0.7629880357387662,1.0182542873931024,24.0,19.0,36.0
RF_independent_calibrated,26,39,False,17,0.4358974358974359,0.9882775194168296,1.0056615684797736,1.605802461475664,24.0,20.0,7.0
RF_independent_calibrated,15,39,False,17,0.4358974358974359,0.9263805021406316,0.8217941299170212,1.0498899131408066,24.0,30.0,34.0
RF_independent_calibrated,18,39,False,16,0.4102564102564102,0.9684137162968568,0.9875481803898216,1.7626002677873538,28.0,24.0,2.0
RF_independent_calibrated,21,39,False,16,0.4102564102564102,0.9593495707740576,0.9035643567247648,1.062696641403985,28.0,25.0,33.0
RF_independent_calibrated,17,39,False,16,0.4102564102564102,0.9531457313318964,0.709929886651669,0.9644750458496362,28.0,26.0,37.0
RF_independent_calibrated,10,39,False,16,0.4102564102564102,0.8525761832720318,0.8840640255264682,1.2549839219679868,28.0,37.0,27.0
RF_independent_calibrated,12,38,False,15,0.3947368421052631,0.9508935969165644,0.8956321697251334,1.2117302953785272,32.0,27.0,29.0
RF_independent_calibrated,14,39,False,15,0.3846153846153846,0.8782111502388679,0.9011422948605946,1.333205639778626,33.0,35.0,21.0
RF_independent_calibrated,27,41,False,15,0.3658536585365853,0.9018676075560732,0.8459445892141945,1.104169292432328,34.0,31.0,32.0
RF_independent_calibrated,34,42,False,14,0.3333333333333333,0.8893179710365599,0.9413661013857896,1.4714943446338988,35.0,32.0,13.0
RF_independent_calibrated,4,39,False,13,0.3333333333333333,0.8533709506045892,0.8795602918471191,1.6610435105457293,35.0,36.0,4.0
RF_independent_calibrated,32,37,False,12,0.3243243243243243,0.8793968713915847,1.007506269478293,1.859779981041208,37.0,34.0,1.0
RF_independent_calibrated,1,39,False,11,0.282051282051282,0.8508412549221026,0.8786757724312897,1.2823866518946336,38.0,38.0,24.0
RF_vector,7,29,True,18,0.6206896551724138,1.1249494005190812,0.9780916720683916,1.47963941408578,1.0,1.0,11.0
RF_vector,2,39,False,23,0.5897435897435898,1.0712029417803814,0.9251234220168476,1.2199198048990123,2.0,4.0,28.0
RF_vector,35,30,False,17,0.5666666666666667,1.0203251103948037,1.023099947313383,1.6580169505556053,3.0,10.0,4.0
RF_vector,5,39,False,22,0.5641025641025641,1.0065909119709775,0.8827393913823588,1.2892162785162928,4.0,14.0,22.0
RF_vector,37,32,False,18,0.5625,1.0685579174536723,0.8226357173790502,1.0365571782708112,5.0,5.0,35.0
RF_vector,28,36,False,20,0.5555555555555556,1.1030370194281152,0.9075282744272252,1.4198838993919942,6.0,2.0,14.0
RF_vector,19,40,False,22,0.55,1.0588114287127286,1.0228251159254946,1.6105870226518335,7.0,6.0,6.0
RF_vector,13,39,False,21,0.5384615384615384,1.0156555795150142,0.8400869628126885,1.1899626533865468,8.0,11.0,30.0
RF_vector,20,41,False,22,0.5365853658536586,1.0155438430032269,0.8563521874655272,1.2866082224600055,9.0,12.0,23.0
RF_vector,36,31,False,16,0.5161290322580645,1.0025264769754951,0.9092434978124182,1.380977247861737,10.0,16.0,17.0
RF_vector,24,39,False,20,0.5128205128205128,1.082428578819407,0.9794476385847258,1.496466776075833,11.0,3.0,10.0
RF_vector,3,39,False,20,0.5128205128205128,1.048797436977026,1.0002274209953406,1.5141821059966587,11.0,7.0,8.0
RF_vector,9,39,False,19,0.4871794871794872,0.9992324298368856,0.8864725910054378,1.382555103238699,13.0,17.0,16.0
RF_vector,31,39,False,19,0.4871794871794872,0.994551048189148,0.9293200406841,1.5035602448163607,13.0,18.0,9.0
RF_vector,17,39,False,19,0.4871794871794872,0.9544309319211782,0.7089337676376467,0.968700871632911,13.0,26.0,37.0
RF_vector,25,40,False,19,0.475,0.9862475838618724,0.838439664442624,1.1154265552049585,16.0,22.0,32.0
RF_vector,22,40,False,19,0.475,0.9703514427001796,0.8974139241851375,1.342157746151733,16.0,24.0,20.0
RF_vector,8,36,False,17,0.4722222222222222,0.8819797361159738,0.9493802590922734,1.471586372840082,18.0,34.0,13.0
RF_vector,29,45,False,21,0.4666666666666667,1.041768006890398,0.9117256971795048,1.3997731190388834,19.0,8.0,15.0
RF_vector,16,39,False,18,0.4615384615384615,1.0244101398935332,0.9217508057346572,1.6137876160828906,20.0,9.0,5.0
RF_vector,6,39,False,18,0.4615384615384615,1.004469181847402,0.8496155699150568,1.27611329348624,20.0,15.0,25.0
RF_vector,33,39,False,18,0.4615384615384615,0.9912799943365754,0.8651267243199123,1.36100503910866,20.0,19.0,18.0
RF_vector,11,39,False,18,0.4615384615384615,0.9300319006284764,0.894485995027425,1.343851211392978,20.0,29.0,19.0
RF_vector,23,40,False,18,0.4499999999999999,1.0076100300214883,0.7235907264567603,0.8628864454789464,24.0,13.0,38.0
RF_vector,26,39,False,17,0.4358974358974359,0.9894916853749174,1.0043457084114384,1.6051573883347072,25.0,20.0,7.0
RF_vector,30,39,False,17,0.4358974358974359,0.988478504071003,0.7646660588231305,1.0145128537534245,25.0,21.0,36.0
RF_vector,15,39,False,17,0.4358974358974359,0.9282398474066642,0.8312843407216938,1.069510045770078,25.0,30.0,33.0
RF_vector,38,30,False,13,0.4333333333333333,0.951161402526822,0.8526758673354956,1.2753300229869615,28.0,28.0,26.0
RF_vector,12,38,False,16,0.4210526315789473,0.9525207240041,0.8933843985478209,1.2067922531090527,29.0,27.0,29.0
RF_vector,18,39,False,16,0.4102564102564102,0.976485389631357,0.9978982938452188,1.7767481363373143,30.0,23.0,2.0
RF_vector,21,39,False,16,0.4102564102564102,0.9661357842248902,0.900724482865493,1.0612163415322875,30.0,25.0,34.0
RF_vector,14,39,False,15,0.3846153846153846,0.8754982998780801,0.8958262758737268,1.324945155417688,32.0,35.0,21.0
RF_vector,10,39,False,15,0.3846153846153846,0.8456277730068683,0.8784857491587539,1.2500734219952787,32.0,38.0,27.0
RF_vector,27,41,False,14,0.3414634146341463,0.9018077046576998,0.8494213329362147,1.118224170377837,34.0,31.0,31.0
RF_vector,34,42,False,14,0.3333333333333333,0.8880839156732482,0.9440588980731196,1.4768660997190477,35.0,32.0,12.0
RF_vector,4,39,False,13,0.3333333333333333,0.8470586468142085,0.8822760493712932,1.6648368225903911,35.0,37.0,3.0
RF_vector,32,37,False,12,0.3243243243243243,0.8861390970291302,1.007282692186562,1.862002542188934,37.0,33.0,1.0
RF_vector,1,39,False,11,0.282051282051282,0.8493429384043125,0.882018044384367,1.2819389526484737,38.0,36.0,24.0
