model,outcome,bin,matches,mean_probability,observed_frequency
RF_independent,Away,"(-0.001, 0.1]",69,0.07993037866753311,0.057971014492753624
RF_independent,Away,"(0.1, 0.2]",303,0.1525566780184703,0.1188118811881188
RF_independent,Away,"(0.2, 0.3]",299,0.24954578973975666,0.23411371237458195
RF_independent,Away,"(0.3, 0.4]",330,0.3411183262828764,0.25757575757575757
RF_independent,Away,"(0.4, 0.5]",224,0.4440113270672771,0.4642857142857143
RF_independent,Away,"(0.5, 0.6]",144,0.5461335407763692,0.5069444444444444
RF_independent,Away,"(0.6, 0.7]",65,0.6451737685483607,0.6461538461538462
RF_independent,Away,"(0.7, 0.8]",13,0.7246870354781613,0.6923076923076923
RF_independent,Draw,"(-0.001, 0.1]",3,0.0891193369090138,0.0
RF_independent,Draw,"(0.1, 0.2]",247,0.17335315555764763,0.16194331983805668
RF_independent,Draw,"(0.2, 0.3]",1197,0.24675706088491114,0.2606516290726817
RF_independent,Home,"(-0.001, 0.1]",3,0.09170925115032386,0.3333333333333333
RF_independent,Home,"(0.1, 0.2]",107,0.16121682355226938,0.17757009345794392
RF_independent,Home,"(0.2, 0.3]",213,0.25264190905760475,0.27230046948356806
RF_independent,Home,"(0.3, 0.4]",298,0.3497729213760929,0.35906040268456374
RF_independent,Home,"(0.4, 0.5]",296,0.4392386517460582,0.46621621621621623
RF_independent,Home,"(0.5, 0.6]",235,0.555059359332422,0.574468085106383
RF_independent,Home,"(0.6, 0.7]",166,0.6483708152946138,0.6867469879518072
RF_independent,Home,"(0.7, 0.8]",112,0.7353584597513757,0.7410714285714286
RF_independent,Home,"(0.8, 0.9]",17,0.8323782646161195,1.0
RF_independent_calibrated,Away,"(-0.001, 0.1]",69,0.08050253217500505,0.057971014492753624
RF_independent_calibrated,Away,"(0.1, 0.2]",296,0.15235366443715512,0.11824324324324324
RF_independent_calibrated,Away,"(0.2, 0.3]",302,0.24895427819020619,0.23178807947019867
RF_independent_calibrated,Away,"(0.3, 0.4]",329,0.3411712669929715,0.25227963525835867
RF_independent_calibrated,Away,"(0.4, 0.5]",229,0.44466005264189395,0.4672489082969432
RF_independent_calibrated,Away,"(0.5, 0.6]",140,0.5463110508098924,0.5
RF_independent_calibrated,Away,"(0.6, 0.7]",68,0.6433317564423336,0.6470588235294118
RF_independent_calibrated,Away,"(0.7, 0.8]",14,0.7244279197031325,0.7142857142857143
RF_independent_calibrated,Draw,"(-0.001, 0.1]",3,0.08958492478135256,0.0
RF_independent_calibrated,Draw,"(0.1, 0.2]",244,0.17331536773089545,0.16393442622950818
RF_independent_calibrated,Draw,"(0.2, 0.3]",1200,0.24660468689247825,0.26
RF_independent_calibrated,Home,"(-0.001, 0.1]",3,0.09099985238444935,0.3333333333333333
RF_independent_calibrated,Home,"(0.1, 0.2]",110,0.16127738140504427,0.17272727272727273
RF_independent_calibrated,Home,"(0.2, 0.3]",215,0.25323961674269085,0.2744186046511628
RF_independent_calibrated,Home,"(0.3, 0.4]",300,0.3503933431396613,0.36333333333333334
RF_independent_calibrated,Home,"(0.4, 0.5]",292,0.43936254779413947,0.4657534246575342
RF_independent_calibrated,Home,"(0.5, 0.6]",235,0.5548923138256732,0.574468085106383
RF_independent_calibrated,Home,"(0.6, 0.7]",167,0.6491116816751932,0.6946107784431138
RF_independent_calibrated,Home,"(0.7, 0.8]",108,0.7354548615376657,0.7407407407407407
RF_independent_calibrated,Home,"(0.8, 0.9]",17,0.8314210502592262,1.0
RF_bivariate_exact,Away,"(-0.001, 0.1]",67,0.08024687381093736,0.05970149253731343
RF_bivariate_exact,Away,"(0.1, 0.2]",303,0.15261105530056981,0.1188118811881188
RF_bivariate_exact,Away,"(0.2, 0.3]",301,0.2493317750642982,0.23255813953488372
RF_bivariate_exact,Away,"(0.3, 0.4]",335,0.34136069798492424,0.2626865671641791
RF_bivariate_exact,Away,"(0.4, 0.5]",226,0.44533957338023633,0.46017699115044247
RF_bivariate_exact,Away,"(0.5, 0.6]",138,0.5467172803297601,0.5144927536231884
RF_bivariate_exact,Away,"(0.6, 0.7]",64,0.6431894153644138,0.640625
RF_bivariate_exact,Away,"(0.7, 0.8]",13,0.7217756204093876,0.6923076923076923
RF_bivariate_exact,Draw,"(-0.001, 0.1]",2,0.0869335773191553,0.0
RF_bivariate_exact,Draw,"(0.1, 0.2]",229,0.173572052007819,0.1572052401746725
RF_bivariate_exact,Draw,"(0.2, 0.3]",1216,0.24843315184149165,0.2598684210526316
RF_bivariate_exact,Home,"(-0.001, 0.1]",2,0.0882280931562226,0.5
RF_bivariate_exact,Home,"(0.1, 0.2]",108,0.16088908420881906,0.17592592592592593
RF_bivariate_exact,Home,"(0.2, 0.3]",216,0.2528317879637986,0.26851851851851855
RF_bivariate_exact,Home,"(0.3, 0.4]",304,0.3503961713218294,0.3651315789473684
RF_bivariate_exact,Home,"(0.4, 0.5]",291,0.43909756920735593,0.4639175257731959
RF_bivariate_exact,Home,"(0.5, 0.6]",241,0.5549346398275141,0.5767634854771784
RF_bivariate_exact,Home,"(0.6, 0.7]",162,0.6497286138225618,0.6975308641975309
RF_bivariate_exact,Home,"(0.7, 0.8]",106,0.7336739928435758,0.7452830188679245
RF_bivariate_exact,Home,"(0.8, 0.9]",17,0.8290234633056718,1.0
RF_bivariate_simulated,Away,"(-0.001, 0.1]",67,0.0802823880597015,0.05970149253731343
RF_bivariate_simulated,Away,"(0.1, 0.2]",298,0.15195302013422818,0.1174496644295302
RF_bivariate_simulated,Away,"(0.2, 0.3]",309,0.249175857605178,0.23300970873786409
RF_bivariate_simulated,Away,"(0.3, 0.4]",331,0.3414916616314199,0.2628398791540785
RF_bivariate_simulated,Away,"(0.4, 0.5]",228,0.4454585964912281,0.45614035087719296
RF_bivariate_simulated,Away,"(0.5, 0.6]",137,0.5472681751824817,0.5182481751824818
RF_bivariate_simulated,Away,"(0.6, 0.7]",64,0.6429590625,0.640625
RF_bivariate_simulated,Away,"(0.7, 0.8]",13,0.7220938461538462,0.6923076923076923
RF_bivariate_simulated,Draw,"(-0.001, 0.1]",2,0.08602,0.0
RF_bivariate_simulated,Draw,"(0.1, 0.2]",229,0.1735922270742358,0.15283842794759825
RF_bivariate_simulated,Draw,"(0.2, 0.3]",1216,0.24835080592105263,0.26069078947368424
RF_bivariate_simulated,Home,"(-0.001, 0.1]",2,0.08917,0.5
RF_bivariate_simulated,Home,"(0.1, 0.2]",105,0.15977295238095238,0.17142857142857143
RF_bivariate_simulated,Home,"(0.2, 0.3]",221,0.25248561085972854,0.2669683257918552
RF_bivariate_simulated,Home,"(0.3, 0.4]",299,0.35012702341137125,0.3712374581939799
RF_bivariate_simulated,Home,"(0.4, 0.5]",296,0.4393898648648648,0.46283783783783783
RF_bivariate_simulated,Home,"(0.5, 0.6]",240,0.5555807500000001,0.575
RF_bivariate_simulated,Home,"(0.6, 0.7]",165,0.6510943030303031,0.696969696969697
RF_bivariate_simulated,Home,"(0.7, 0.8]",102,0.7347309803921569,0.7450980392156863
RF_bivariate_simulated,Home,"(0.8, 0.9]",17,0.8294211764705883,1.0
RF_vector,Away,"(-0.001, 0.1]",57,0.07677487156425479,0.03508771929824561
RF_vector,Away,"(0.1, 0.2]",335,0.15394087498754613,0.1253731343283582
RF_vector,Away,"(0.2, 0.3]",219,0.24121739512123777,0.2100456621004566
RF_vector,Away,"(0.3, 0.4]",419,0.3403950088062996,0.2840095465393795
RF_vector,Away,"(0.4, 0.5]",208,0.4443261774216475,0.47596153846153844
RF_vector,Away,"(0.5, 0.6]",136,0.5435922567103376,0.5073529411764706
RF_vector,Away,"(0.6, 0.7]",58,0.6421511047860717,0.603448275862069
RF_vector,Away,"(0.7, 0.8]",15,0.728628613241135,0.7333333333333333
RF_vector,Draw,"(-0.001, 0.1]",4,0.09053533942510607,0.0
RF_vector,Draw,"(0.1, 0.2]",244,0.17373295307172298,0.16393442622950818
RF_vector,Draw,"(0.2, 0.3]",1199,0.24747690635162553,0.2602168473728107
RF_vector,Home,"(-0.001, 0.1]",3,0.09591035189099473,0.3333333333333333
RF_vector,Home,"(0.1, 0.2]",96,0.16052662155819256,0.16666666666666666
RF_vector,Home,"(0.2, 0.3]",210,0.25300692567102717,0.28095238095238095
RF_vector,Home,"(0.3, 0.4]",319,0.3539112217254877,0.34796238244514105
RF_vector,Home,"(0.4, 0.5]",288,0.4313175871163495,0.46875
RF_vector,Home,"(0.5, 0.6]",249,0.5609503838589788,0.5742971887550201
RF_vector,Home,"(0.6, 0.7]",158,0.65364645561817,0.689873417721519
RF_vector,Home,"(0.7, 0.8]",101,0.7289287361522732,0.7722772277227723
RF_vector,Home,"(0.8, 0.9]",23,0.8295508437935075,0.8695652173913043
Market,Away,"(-0.001, 0.1]",94,0.07604516791886202,0.02127659574468085
Market,Away,"(0.1, 0.2]",305,0.15414999704200877,0.14754098360655737
Market,Away,"(0.2, 0.3]",358,0.25074400382620127,0.21787709497206703
Market,Away,"(0.3, 0.4]",308,0.3493497809941962,0.3116883116883117
Market,Away,"(0.4, 0.5]",186,0.4469246700365662,0.489247311827957
Market,Away,"(0.5, 0.6]",109,0.5454031616651677,0.5321100917431193
Market,Away,"(0.6, 0.7]",65,0.6427211430573401,0.5538461538461539
Market,Away,"(0.7, 0.8]",19,0.7376050568487676,0.7894736842105263
Market,Away,"(0.8, 0.9]",3,0.8145031841723874,0.6666666666666666
Market,Draw,"(-0.001, 0.1]",11,0.09089750954854273,0.0
Market,Draw,"(0.1, 0.2]",197,0.16508267801544235,0.18274111675126903
Market,Draw,"(0.2, 0.3]",1138,0.26048306241037045,0.2530755711775044
Market,Draw,"(0.3, 0.4]",101,0.3126227352529094,0.27722772277227725
Market,Home,"(-0.001, 0.1]",15,0.08544294940579193,0.13333333333333333
Market,Home,"(0.1, 0.2]",122,0.16073836235940697,0.21311475409836064
Market,Home,"(0.2, 0.3]",205,0.255618619517789,0.2682926829268293
Market,Home,"(0.3, 0.4]",302,0.3499088991101762,0.39403973509933776
Market,Home,"(0.4, 0.5]",302,0.45086136767852747,0.45695364238410596
Market,Home,"(0.5, 0.6]",224,0.5516914807896182,0.5892857142857143
Market,Home,"(0.6, 0.7]",153,0.6480993503255802,0.673202614379085
Market,Home,"(0.7, 0.8]",91,0.743859913137051,0.7692307692307693
Market,Home,"(0.8, 0.9]",33,0.8356611561240918,0.8181818181818182
