model,gap_bin,matches,mean_probability_gap,mean_net_winnings,total_net_winnings,win_rate,small_sample
RF_independent,"(-0.001, 0.1]",12,0.0965850525714947,-0.5875,-7.05,0.16666666666666666,True
RF_independent,"(0.1, 0.2]",517,0.14890838426411046,0.0014119922630560886,0.7299999999999978,0.425531914893617,False
RF_independent,"(0.2, 0.3]",272,0.24536864144039214,-0.011360294117647066,-3.0900000000000016,0.5,False
RF_independent,"(0.3, 0.4]",229,0.3516004728105219,0.021441048034934494,4.909999999999999,0.5895196506550219,False
RF_independent,"(0.4, 0.5]",169,0.44502574869578676,-0.10337278106508872,-17.469999999999995,0.5798816568047337,False
RF_independent,"(0.5, 0.6]",135,0.5522825264839366,0.02548148148148148,3.44,0.7333333333333333,False
RF_independent,"(0.6, 0.7]",86,0.6379919393035934,-0.08372093023255817,-7.200000000000003,0.7209302325581395,False
RF_independent,"(0.7, 0.8]",24,0.7445143728486568,0.0420833333333333,1.0099999999999991,0.9166666666666666,True
RF_independent,"(0.8, 0.9]",3,0.8300465183207386,0.08666666666666667,0.26,1.0,True
RF_bivariate_exact,"(-0.001, 0.1]",21,0.09519001793864465,-0.26761904761904765,-5.62,0.2857142857142857,True
RF_bivariate_exact,"(0.1, 0.2]",525,0.14741979635578462,-0.013333333333333343,-7.000000000000005,0.42095238095238097,False
RF_bivariate_exact,"(0.2, 0.3]",258,0.24502054565561243,0.014612403100775198,3.7700000000000014,0.5155038759689923,False
RF_bivariate_exact,"(0.3, 0.4]",242,0.3524246889675317,0.01305785123966942,3.1599999999999997,0.5867768595041323,False
RF_bivariate_exact,"(0.4, 0.5]",157,0.4473192156430856,-0.10063694267515923,-15.799999999999999,0.5859872611464968,False
RF_bivariate_exact,"(0.5, 0.6]",138,0.5521274606722928,0.010144927536231895,1.4000000000000017,0.7246376811594203,False
RF_bivariate_exact,"(0.6, 0.7]",80,0.6375486471744122,-0.068375,-5.470000000000001,0.7375,False
RF_bivariate_exact,"(0.7, 0.8]",23,0.741958583273919,0.03652173913043476,0.8399999999999994,0.9130434782608695,True
RF_bivariate_exact,"(0.8, 0.9]",3,0.8261641065136334,0.08666666666666667,0.26,1.0,True
RF_bivariate_simulated,"(-0.001, 0.1]",24,0.09491000000000001,0.07708333333333332,1.8499999999999996,0.4166666666666667,True
RF_bivariate_simulated,"(0.1, 0.2]",524,0.14830770992366413,0.005076335877862592,2.6599999999999984,0.42938931297709926,False
RF_bivariate_simulated,"(0.2, 0.3]",256,0.24542734375000003,0.004453125000000002,1.1400000000000006,0.51171875,False
RF_bivariate_simulated,"(0.3, 0.4]",235,0.3509233191489362,0.007063829787234024,1.6599999999999957,0.5829787234042553,False
RF_bivariate_simulated,"(0.4, 0.5]",168,0.4466251190476191,-0.13095238095238096,-22.0,0.5654761904761905,False
RF_bivariate_simulated,"(0.5, 0.6]",137,0.5544293430656934,0.035036496350364946,4.799999999999997,0.7445255474452555,False
RF_bivariate_simulated,"(0.6, 0.7]",76,0.6375818421052631,-0.06631578947368423,-5.040000000000002,0.7368421052631579,False
RF_bivariate_simulated,"(0.7, 0.8]",24,0.7408325000000001,0.0420833333333333,1.0099999999999991,0.9166666666666666,True
RF_bivariate_simulated,"(0.8, 0.9]",3,0.82544,0.08666666666666667,0.26,1.0,True
RF_vector,"(-0.001, 0.1]",10,0.09736583639642915,-0.162,-1.62,0.3,True
RF_vector,"(0.1, 0.2]",568,0.14651036246135185,0.004084507042253515,2.3199999999999967,0.4295774647887324,False
RF_vector,"(0.2, 0.3]",217,0.2458602514224262,-0.01889400921658986,-4.1,0.5023041474654378,False
RF_vector,"(0.3, 0.4]",253,0.3551042981476805,0.02616600790513835,6.620000000000003,0.5928853754940712,False
RF_vector,"(0.4, 0.5]",147,0.44481414599240443,-0.13312925170068027,-19.57,0.564625850340136,False
RF_vector,"(0.5, 0.6]",146,0.5506337289246376,0.03239726027397259,4.729999999999999,0.7397260273972602,False
RF_vector,"(0.6, 0.7]",79,0.6350137880812763,-0.06278481012658228,-4.960000000000001,0.7468354430379747,False
RF_vector,"(0.7, 0.8]",22,0.7502265887090271,-0.06954545454545458,-1.5300000000000007,0.8181818181818182,True
RF_vector,"(0.8, 0.9]",5,0.8236759020696347,0.076,0.38,1.0,True
