split,season,strategy,level,matches,bets,wins,unit_returns,stake_dollars,gross_return_dollars,original_bets,original_gross_return,unavailable,net_profit_dollars,roi
Test,2022–2023,Expected return > 1,0,435,0,0,0.0,0.0,0.0,0,0.0,0,0.0,
Test,2022–2023,Expected return > 1,1,286,286,81,259.60999999999996,286.0,259.60999999999996,286,259.60999999999996,0,-26.390000000000043,-0.09227272727272742
Test,2022–2023,Expected return > 1,2,269,269,72,268.43000000000006,538.0,536.8600000000001,269,268.43000000000006,0,-1.1399999999998727,-0.002118959107806455
Test,2022–2023,Expected return > 1,3,170,170,46,165.63000000000005,510.0,496.89,170,165.63000000000005,0,-13.110000000000014,-0.025705882352941203
Test,2022–2023,Expected return > 1,4,117,117,33,132.27999999999997,468.0,529.1199999999999,117,132.27999999999997,0,61.11999999999989,0.13059829059829037
Test,2022–2023,Expected return > 1,5,170,170,58,207.06,850.0,1035.3,170,207.06,0,185.29999999999995,0.21799999999999994
Test,All seasons,Expected return > 1,0,435,0,0,0.0,0.0,0.0,0,0.0,0,0.0,
Test,All seasons,Expected return > 1,1,286,286,81,259.60999999999996,286.0,259.60999999999996,286,259.60999999999996,0,-26.390000000000043,-0.09227272727272742
Test,All seasons,Expected return > 1,2,269,269,72,268.43000000000006,538.0,536.8600000000001,269,268.43000000000006,0,-1.1399999999998727,-0.002118959107806455
Test,All seasons,Expected return > 1,3,170,170,46,165.63000000000005,510.0,496.89,170,165.63000000000005,0,-13.110000000000014,-0.025705882352941203
Test,All seasons,Expected return > 1,4,117,117,33,132.27999999999997,468.0,529.1199999999999,117,132.27999999999997,0,61.11999999999989,0.13059829059829037
Test,All seasons,Expected return > 1,5,170,170,58,207.06,850.0,1035.3,170,207.06,0,185.29999999999995,0.21799999999999994
Test,2022–2023,Home loses vs not (sqrt profit),0,747,0,0,0.0,0.0,0.0,747,619.8596044838986,0,0.0,
Test,2022–2023,Home loses vs not (sqrt profit),1,194,194,44,141.59818486048263,194.0,141.59818486048263,194,141.59818486048263,0,-52.40181513951737,-0.27011244917276994
Test,2022–2023,Home loses vs not (sqrt profit),2,186,186,46,174.3042506605524,372.0,348.6085013211048,186,174.3042506605524,0,-23.391498678895175,-0.06288037279272897
Test,2022–2023,Home loses vs not (sqrt profit),3,116,116,27,90.67382217900935,348.0,272.021466537028,116,90.67382217900935,0,-75.978533462972,-0.21832911914647124
Test,2022–2023,Home loses vs not (sqrt profit),4,80,80,25,79.98774794040919,320.0,319.95099176163677,80,79.98774794040919,0,-0.04900823836322843,-0.00015315074488508884
Test,2022–2023,Home loses vs not (sqrt profit),5,124,124,44,151.64847216988989,620.0,758.2423608494496,124,151.64847216988989,0,138.2423608494496,0.22297154975717676
Test,All seasons,Home loses vs not (sqrt profit),0,747,0,0,0.0,0.0,0.0,747,619.8596044838986,0,0.0,
Test,All seasons,Home loses vs not (sqrt profit),1,194,194,44,141.59818486048263,194.0,141.59818486048263,194,141.59818486048263,0,-52.40181513951737,-0.27011244917276994
Test,All seasons,Home loses vs not (sqrt profit),2,186,186,46,174.3042506605524,372.0,348.6085013211048,186,174.3042506605524,0,-23.391498678895175,-0.06288037279272897
Test,All seasons,Home loses vs not (sqrt profit),3,116,116,27,90.67382217900935,348.0,272.021466537028,116,90.67382217900935,0,-75.978533462972,-0.21832911914647124
Test,All seasons,Home loses vs not (sqrt profit),4,80,80,25,79.98774794040919,320.0,319.95099176163677,80,79.98774794040919,0,-0.04900823836322843,-0.00015315074488508884
Test,All seasons,Home loses vs not (sqrt profit),5,124,124,44,151.64847216988989,620.0,758.2423608494496,124,151.64847216988989,0,138.2423608494496,0.22297154975717676
Test,2022–2023,Home loses vs not (synthetic double chance),0,1397,0,0,0.0,0.0,0.0,1397,1343.1661471014424,0,0.0,
Test,2022–2023,Home loses vs not (synthetic double chance),1,13,13,5,9.201322115384617,13.0,9.201322115384617,13,9.201322115384617,0,-3.7986778846153832,-0.29220599112426027
Test,2022–2023,Home loses vs not (synthetic double chance),2,10,10,5,8.75189771937594,20.0,17.50379543875188,10,8.75189771937594,0,-2.4962045612481205,-0.12481022806240602
Test,2022–2023,Home loses vs not (synthetic double chance),3,10,10,4,7.4003581267217635,30.0,22.201074380165288,10,7.4003581267217635,0,-7.798925619834712,-0.2599641873278237
Test,2022–2023,Home loses vs not (synthetic double chance),4,6,6,2,3.713109425785482,24.0,14.852437703141929,6,3.713109425785482,0,-9.147562296858071,-0.38114842903575297
Test,2022–2023,Home loses vs not (synthetic double chance),5,11,11,6,12.151684018196091,55.0,60.758420090980465,11,12.151684018196091,0,5.758420090980465,0.10469854710873573
Test,All seasons,Home loses vs not (synthetic double chance),0,1397,0,0,0.0,0.0,0.0,1397,1343.1661471014424,0,0.0,
Test,All seasons,Home loses vs not (synthetic double chance),1,13,13,5,9.201322115384617,13.0,9.201322115384617,13,9.201322115384617,0,-3.7986778846153832,-0.29220599112426027
Test,All seasons,Home loses vs not (synthetic double chance),2,10,10,5,8.75189771937594,20.0,17.50379543875188,10,8.75189771937594,0,-2.4962045612481205,-0.12481022806240602
Test,All seasons,Home loses vs not (synthetic double chance),3,10,10,4,7.4003581267217635,30.0,22.201074380165288,10,7.4003581267217635,0,-7.798925619834712,-0.2599641873278237
Test,All seasons,Home loses vs not (synthetic double chance),4,6,6,2,3.713109425785482,24.0,14.852437703141929,6,3.713109425785482,0,-9.147562296858071,-0.38114842903575297
Test,All seasons,Home loses vs not (synthetic double chance),5,11,11,6,12.151684018196091,55.0,60.758420090980465,11,12.151684018196091,0,5.758420090980465,0.10469854710873573
Test,2022–2023,Home win or skip (sqrt profit),0,1058,0,0,0.0,0.0,0.0,553,610.2099999999996,0,0.0,
Test,2022–2023,Home win or skip (sqrt profit),1,123,123,46,132.21999999999997,123.0,132.21999999999997,123,132.21999999999997,0,9.21999999999997,0.07495934959349569
Test,2022–2023,Home win or skip (sqrt profit),2,91,91,28,79.31999999999998,182.0,158.63999999999996,91,79.31999999999998,0,-23.360000000000042,-0.12835164835164858
Test,2022–2023,Home win or skip (sqrt profit),3,60,60,21,66.07,180.0,198.21,60,66.07,0,18.210000000000008,0.10116666666666671
Test,2022–2023,Home win or skip (sqrt profit),4,42,42,10,48.08,168.0,192.32,42,48.08,0,24.319999999999993,0.14476190476190473
Test,2022–2023,Home win or skip (sqrt profit),5,73,73,27,90.47999999999999,365.0,452.40000000000003,73,90.47999999999999,0,87.40000000000003,0.23945205479452064
Test,All seasons,Home win or skip (sqrt profit),0,1058,0,0,0.0,0.0,0.0,553,610.2099999999996,0,0.0,
Test,All seasons,Home win or skip (sqrt profit),1,123,123,46,132.21999999999997,123.0,132.21999999999997,123,132.21999999999997,0,9.21999999999997,0.07495934959349569
Test,All seasons,Home win or skip (sqrt profit),2,91,91,28,79.31999999999998,182.0,158.63999999999996,91,79.31999999999998,0,-23.360000000000042,-0.12835164835164858
Test,All seasons,Home win or skip (sqrt profit),3,60,60,21,66.07,180.0,198.21,60,66.07,0,18.210000000000008,0.10116666666666671
Test,All seasons,Home win or skip (sqrt profit),4,42,42,10,48.08,168.0,192.32,42,48.08,0,24.319999999999993,0.14476190476190473
Test,All seasons,Home win or skip (sqrt profit),5,73,73,27,90.47999999999999,365.0,452.40000000000003,73,90.47999999999999,0,87.40000000000003,0.23945205479452064
Test,2022–2023,Home wins vs not (sqrt profit),0,891,0,0,0.0,0.0,0.0,891,940.7658352894379,0,0.0,
Test,2022–2023,Home wins vs not (sqrt profit),1,160,160,61,164.59847773379659,160.0,164.59847773379659,160,164.59847773379659,0,4.598477733796585,0.02874048583622866
Test,2022–2023,Home wins vs not (sqrt profit),2,126,126,40,114.60199957959153,252.0,229.20399915918307,126,114.60199957959153,0,-22.79600084081693,-0.09046032079689258
Test,2022–2023,Home wins vs not (sqrt profit),3,106,106,36,109.37418360745828,318.0,328.1225508223748,106,109.37418360745828,0,10.12255082237482,0.03183192082507805
Test,2022–2023,Home wins vs not (sqrt profit),4,65,65,21,81.22354944701249,260.0,324.89419778804995,65,81.22354944701249,0,64.89419778804995,0.24959306841557674
Test,2022–2023,Home wins vs not (sqrt profit),5,99,99,35,114.88078599412191,495.0,574.4039299706095,99,114.88078599412191,0,79.40392997060951,0.16041197973860508
Test,All seasons,Home wins vs not (sqrt profit),0,891,0,0,0.0,0.0,0.0,891,940.7658352894379,0,0.0,
Test,All seasons,Home wins vs not (sqrt profit),1,160,160,61,164.59847773379659,160.0,164.59847773379659,160,164.59847773379659,0,4.598477733796585,0.02874048583622866
Test,All seasons,Home wins vs not (sqrt profit),2,126,126,40,114.60199957959153,252.0,229.20399915918307,126,114.60199957959153,0,-22.79600084081693,-0.09046032079689258
Test,All seasons,Home wins vs not (sqrt profit),3,106,106,36,109.37418360745828,318.0,328.1225508223748,106,109.37418360745828,0,10.12255082237482,0.03183192082507805
Test,All seasons,Home wins vs not (sqrt profit),4,65,65,21,81.22354944701249,260.0,324.89419778804995,65,81.22354944701249,0,64.89419778804995,0.24959306841557674
Test,All seasons,Home wins vs not (sqrt profit),5,99,99,35,114.88078599412191,495.0,574.4039299706095,99,114.88078599412191,0,79.40392997060951,0.16041197973860508
Test,2022–2023,Home wins vs not (synthetic double chance),0,1302,0,0,0.0,0.0,0.0,1302,1225.7308176707902,0,0.0,
Test,2022–2023,Home wins vs not (synthetic double chance),1,45,45,28,48.151496520516226,45.0,48.151496520516226,45,48.151496520516226,0,3.1514965205162255,0.07003325601147167
Test,2022–2023,Home wins vs not (synthetic double chance),2,34,34,19,33.06227037903095,68.0,66.1245407580619,34,33.06227037903095,0,-1.8754592419381027,-0.02758028296967798
Test,2022–2023,Home wins vs not (synthetic double chance),3,27,27,16,28.055690241635077,81.0,84.16707072490522,27,28.055690241635077,0,3.1670707249052157,0.03909963857907674
Test,2022–2023,Home wins vs not (synthetic double chance),4,16,16,8,13.702181394774888,64.0,54.80872557909955,16,13.702181394774888,0,-9.191274420900449,-0.1436136628265695
Test,2022–2023,Home wins vs not (synthetic double chance),5,23,23,14,22.98078431372549,115.0,114.90392156862745,23,22.98078431372549,0,-0.0960784313725469,-0.0008354646206308426
Test,All seasons,Home wins vs not (synthetic double chance),0,1302,0,0,0.0,0.0,0.0,1302,1225.7308176707902,0,0.0,
Test,All seasons,Home wins vs not (synthetic double chance),1,45,45,28,48.151496520516226,45.0,48.151496520516226,45,48.151496520516226,0,3.1514965205162255,0.07003325601147167
Test,All seasons,Home wins vs not (synthetic double chance),2,34,34,19,33.06227037903095,68.0,66.1245407580619,34,33.06227037903095,0,-1.8754592419381027,-0.02758028296967798
Test,All seasons,Home wins vs not (synthetic double chance),3,27,27,16,28.055690241635077,81.0,84.16707072490522,27,28.055690241635077,0,3.1670707249052157,0.03909963857907674
Test,All seasons,Home wins vs not (synthetic double chance),4,16,16,8,13.702181394774888,64.0,54.80872557909955,16,13.702181394774888,0,-9.191274420900449,-0.1436136628265695
Test,All seasons,Home wins vs not (synthetic double chance),5,23,23,14,22.98078431372549,115.0,114.90392156862745,23,22.98078431372549,0,-0.0960784313725469,-0.0008354646206308426
Test,2022–2023,Legacy draw-to-home return weighting,0,991,0,0,0.0,0.0,0.0,991,1010.2699999999999,0,0.0,
Test,2022–2023,Legacy draw-to-home return weighting,1,130,130,46,132.21999999999997,130.0,132.21999999999997,130,132.21999999999997,0,2.2199999999999704,0.01707692307692285
Test,2022–2023,Legacy draw-to-home return weighting,2,120,120,29,96.31999999999998,240.0,192.63999999999996,120,96.31999999999998,0,-47.36000000000004,-0.1973333333333335
Test,2022–2023,Legacy draw-to-home return weighting,3,76,76,21,66.07,228.0,198.21,76,66.07,0,-29.789999999999992,-0.13065789473684208
Test,2022–2023,Legacy draw-to-home return weighting,4,49,49,10,48.08,196.0,192.32,49,48.08,0,-3.680000000000007,-0.018775510204081667
Test,2022–2023,Legacy draw-to-home return weighting,5,81,81,29,110.48,405.0,552.4000000000001,81,110.48,0,147.4000000000001,0.36395061728395084
Test,All seasons,Legacy draw-to-home return weighting,0,991,0,0,0.0,0.0,0.0,991,1010.2699999999999,0,0.0,
Test,All seasons,Legacy draw-to-home return weighting,1,130,130,46,132.21999999999997,130.0,132.21999999999997,130,132.21999999999997,0,2.2199999999999704,0.01707692307692285
Test,All seasons,Legacy draw-to-home return weighting,2,120,120,29,96.31999999999998,240.0,192.63999999999996,120,96.31999999999998,0,-47.36000000000004,-0.1973333333333335
Test,All seasons,Legacy draw-to-home return weighting,3,76,76,21,66.07,228.0,198.21,76,66.07,0,-29.789999999999992,-0.13065789473684208
Test,All seasons,Legacy draw-to-home return weighting,4,49,49,10,48.08,196.0,192.32,49,48.08,0,-3.680000000000007,-0.018775510204081667
Test,All seasons,Legacy draw-to-home return weighting,5,81,81,29,110.48,405.0,552.4000000000001,81,110.48,0,147.4000000000001,0.36395061728395084
Test,2022–2023,Legacy draw-to-home weighting,0,1152,0,0,0.0,0.0,0.0,1152,1143.5899999999997,0,0.0,
Test,2022–2023,Legacy draw-to-home weighting,1,95,95,40,91.81999999999998,95.0,91.81999999999998,95,91.81999999999998,0,-3.180000000000021,-0.03347368421052654
Test,2022–2023,Legacy draw-to-home weighting,2,70,70,27,63.620000000000005,140.0,127.24000000000001,70,63.620000000000005,0,-12.759999999999991,-0.09114285714285708
Test,2022–2023,Legacy draw-to-home weighting,3,41,41,19,42.97999999999999,123.0,128.94000000000003,41,42.97999999999999,0,5.940000000000026,0.04829268292682948
Test,2022–2023,Legacy draw-to-home weighting,4,34,34,6,15.83,136.0,63.32,34,15.83,0,-72.68,-0.5344117647058824
Test,2022–2023,Legacy draw-to-home weighting,5,55,55,25,64.57999999999998,275.0,322.90000000000003,55,64.57999999999998,0,47.900000000000034,0.1741818181818183
Test,All seasons,Legacy draw-to-home weighting,0,1152,0,0,0.0,0.0,0.0,1152,1143.5899999999997,0,0.0,
Test,All seasons,Legacy draw-to-home weighting,1,95,95,40,91.81999999999998,95.0,91.81999999999998,95,91.81999999999998,0,-3.180000000000021,-0.03347368421052654
Test,All seasons,Legacy draw-to-home weighting,2,70,70,27,63.620000000000005,140.0,127.24000000000001,70,63.620000000000005,0,-12.759999999999991,-0.09114285714285708
Test,All seasons,Legacy draw-to-home weighting,3,41,41,19,42.97999999999999,123.0,128.94000000000003,41,42.97999999999999,0,5.940000000000026,0.04829268292682948
Test,All seasons,Legacy draw-to-home weighting,4,34,34,6,15.83,136.0,63.32,34,15.83,0,-72.68,-0.5344117647058824
Test,All seasons,Legacy draw-to-home weighting,5,55,55,25,64.57999999999998,275.0,322.90000000000003,55,64.57999999999998,0,47.900000000000034,0.1741818181818183
Test,2022–2023,Legacy market power weighting,0,1129,0,0,0.0,0.0,0.0,1129,979.71,0,0.0,
Test,2022–2023,Legacy market power weighting,1,122,122,33,121.69999999999999,122.0,121.69999999999999,122,121.69999999999999,0,-0.30000000000001137,-0.002459016393442716
Test,2022–2023,Legacy market power weighting,2,100,100,29,124.02,200.0,248.04,100,124.02,0,48.03999999999999,0.24019999999999997
Test,2022–2023,Legacy market power weighting,3,55,55,15,57.28,165.0,171.83999999999997,55,57.28,0,6.839999999999975,0.0414545454545453
Test,2022–2023,Legacy market power weighting,4,18,18,7,27.35,72.0,109.4,18,27.35,0,37.400000000000006,0.5194444444444445
Test,2022–2023,Legacy market power weighting,5,23,23,11,32.650000000000006,115.0,163.25,23,32.650000000000006,0,48.25,0.41956521739130437
Test,All seasons,Legacy market power weighting,0,1129,0,0,0.0,0.0,0.0,1129,979.71,0,0.0,
Test,All seasons,Legacy market power weighting,1,122,122,33,121.69999999999999,122.0,121.69999999999999,122,121.69999999999999,0,-0.30000000000001137,-0.002459016393442716
Test,All seasons,Legacy market power weighting,2,100,100,29,124.02,200.0,248.04,100,124.02,0,48.03999999999999,0.24019999999999997
Test,All seasons,Legacy market power weighting,3,55,55,15,57.28,165.0,171.83999999999997,55,57.28,0,6.839999999999975,0.0414545454545453
Test,All seasons,Legacy market power weighting,4,18,18,7,27.35,72.0,109.4,18,27.35,0,37.400000000000006,0.5194444444444445
Test,All seasons,Legacy market power weighting,5,23,23,11,32.650000000000006,115.0,163.25,23,32.650000000000006,0,48.25,0.41956521739130437
Test,2022–2023,Legacy variance score,0,741,0,0,0.0,0.0,0.0,741,659.62,0,0.0,
Test,2022–2023,Legacy variance score,1,180,180,34,146.57999999999996,180.0,146.57999999999996,180,146.57999999999996,0,-33.420000000000044,-0.18566666666666692
Test,2022–2023,Legacy variance score,2,193,193,37,174.49999999999997,386.0,348.99999999999994,193,174.49999999999997,0,-37.00000000000006,-0.09585492227979289
Test,2022–2023,Legacy variance score,3,110,110,20,94.3,330.0,282.9,110,94.3,0,-47.10000000000002,-0.14272727272727279
Test,2022–2023,Legacy variance score,4,91,91,22,102.82999999999998,364.0,411.31999999999994,91,102.82999999999998,0,47.319999999999936,0.12999999999999984
Test,2022–2023,Legacy variance score,5,132,132,38,167.85999999999999,660.0,839.3,132,167.85999999999999,0,179.29999999999995,0.2716666666666666
Test,All seasons,Legacy variance score,0,741,0,0,0.0,0.0,0.0,741,659.62,0,0.0,
Test,All seasons,Legacy variance score,1,180,180,34,146.57999999999996,180.0,146.57999999999996,180,146.57999999999996,0,-33.420000000000044,-0.18566666666666692
Test,All seasons,Legacy variance score,2,193,193,37,174.49999999999997,386.0,348.99999999999994,193,174.49999999999997,0,-37.00000000000006,-0.09585492227979289
Test,All seasons,Legacy variance score,3,110,110,20,94.3,330.0,282.9,110,94.3,0,-47.10000000000002,-0.14272727272727279
Test,All seasons,Legacy variance score,4,91,91,22,102.82999999999998,364.0,411.31999999999994,91,102.82999999999998,0,47.319999999999936,0.12999999999999984
Test,All seasons,Legacy variance score,5,132,132,38,167.85999999999999,660.0,839.3,132,167.85999999999999,0,179.29999999999995,0.2716666666666666
Test,2022–2023,Legacy variance — filtered search candidate,0,1080,0,0,0.0,0.0,0.0,0,0.0,0,0.0,
Test,2022–2023,Legacy variance — filtered search candidate,1,78,78,7,34.2,78.0,34.2,78,34.2,0,-43.8,-0.5615384615384615
Test,2022–2023,Legacy variance — filtered search candidate,2,124,124,18,113.4,248.0,226.8,124,113.4,0,-21.19999999999999,-0.08548387096774189
Test,2022–2023,Legacy variance — filtered search candidate,3,66,66,9,57.25,198.0,171.75,66,57.25,0,-26.25,-0.13257575757575757
Test,2022–2023,Legacy variance — filtered search candidate,4,41,41,9,59.0,164.0,236.0,41,59.0,0,72.0,0.43902439024390244
Test,2022–2023,Legacy variance — filtered search candidate,5,58,58,16,92.11,290.0,460.54999999999995,58,92.11,0,170.54999999999995,0.5881034482758619
Test,All seasons,Legacy variance — filtered search candidate,0,1080,0,0,0.0,0.0,0.0,0,0.0,0,0.0,
Test,All seasons,Legacy variance — filtered search candidate,1,78,78,7,34.2,78.0,34.2,78,34.2,0,-43.8,-0.5615384615384615
Test,All seasons,Legacy variance — filtered search candidate,2,124,124,18,113.4,248.0,226.8,124,113.4,0,-21.19999999999999,-0.08548387096774189
Test,All seasons,Legacy variance — filtered search candidate,3,66,66,9,57.25,198.0,171.75,66,57.25,0,-26.25,-0.13257575757575757
Test,All seasons,Legacy variance — filtered search candidate,4,41,41,9,59.0,164.0,236.0,41,59.0,0,72.0,0.43902439024390244
Test,All seasons,Legacy variance — filtered search candidate,5,58,58,16,92.11,290.0,460.54999999999995,58,92.11,0,170.54999999999995,0.5881034482758619
Test,2022–2023,Log odds weighting,0,537,0,0,0.0,0.0,0.0,537,453.89,0,0.0,
Test,2022–2023,Log odds weighting,1,257,257,77,258.19999999999993,257.0,258.19999999999993,257,258.19999999999993,0,1.1999999999999318,0.0046692607003888395
Test,2022–2023,Log odds weighting,2,230,230,68,244.26999999999995,460.0,488.5399999999999,230,244.26999999999995,0,28.539999999999907,0.06204347826086936
Test,2022–2023,Log odds weighting,3,150,150,44,153.10000000000005,450.0,459.29999999999995,150,153.10000000000005,0,9.299999999999955,0.020666666666666566
Test,2022–2023,Log odds weighting,4,110,110,30,109.02999999999997,440.0,436.1199999999999,110,109.02999999999997,0,-3.880000000000109,-0.008818181818182067
Test,2022–2023,Log odds weighting,5,163,163,52,190.72,815.0,953.5999999999999,163,190.72,0,138.5999999999999,0.17006134969325143
Test,All seasons,Log odds weighting,0,537,0,0,0.0,0.0,0.0,537,453.89,0,0.0,
Test,All seasons,Log odds weighting,1,257,257,77,258.19999999999993,257.0,258.19999999999993,257,258.19999999999993,0,1.1999999999999318,0.0046692607003888395
Test,All seasons,Log odds weighting,2,230,230,68,244.26999999999995,460.0,488.5399999999999,230,244.26999999999995,0,28.539999999999907,0.06204347826086936
Test,All seasons,Log odds weighting,3,150,150,44,153.10000000000005,450.0,459.29999999999995,150,153.10000000000005,0,9.299999999999955,0.020666666666666566
Test,All seasons,Log odds weighting,4,110,110,30,109.02999999999997,440.0,436.1199999999999,110,109.02999999999997,0,-3.880000000000109,-0.008818181818182067
Test,All seasons,Log odds weighting,5,163,163,52,190.72,815.0,953.5999999999999,163,190.72,0,138.5999999999999,0.17006134969325143
Test,2022–2023,Most likely outcome,0,1171,0,0,0.0,0.0,0.0,1171,1149.7999999999995,0,0.0,
Test,2022–2023,Most likely outcome,1,95,95,42,89.21,95.0,89.21,95,89.21,0,-5.790000000000006,-0.060947368421052694
Test,2022–2023,Most likely outcome,2,61,61,30,62.72,122.0,125.44,61,62.72,0,3.4399999999999977,0.02819672131147539
Test,2022–2023,Most likely outcome,3,51,51,24,52.30999999999999,153.0,156.92999999999998,51,52.30999999999999,0,3.9299999999999784,0.02568627450980378
Test,2022–2023,Most likely outcome,4,28,28,12,27.580000000000005,112.0,110.32000000000002,28,27.580000000000005,0,-1.6799999999999784,-0.014999999999999807
Test,2022–2023,Most likely outcome,5,41,41,23,47.64999999999999,205.0,238.25,41,47.64999999999999,0,33.25,0.16219512195121952
Test,All seasons,Most likely outcome,0,1171,0,0,0.0,0.0,0.0,1171,1149.7999999999995,0,0.0,
Test,All seasons,Most likely outcome,1,95,95,42,89.21,95.0,89.21,95,89.21,0,-5.790000000000006,-0.060947368421052694
Test,All seasons,Most likely outcome,2,61,61,30,62.72,122.0,125.44,61,62.72,0,3.4399999999999977,0.02819672131147539
Test,All seasons,Most likely outcome,3,51,51,24,52.30999999999999,153.0,156.92999999999998,51,52.30999999999999,0,3.9299999999999784,0.02568627450980378
Test,All seasons,Most likely outcome,4,28,28,12,27.580000000000005,112.0,110.32000000000002,28,27.580000000000005,0,-1.6799999999999784,-0.014999999999999807
Test,All seasons,Most likely outcome,5,41,41,23,47.64999999999999,205.0,238.25,41,47.64999999999999,0,33.25,0.16219512195121952
Test,2022–2023,Square-root odds weighting,0,1130,0,0,0.0,0.0,0.0,1130,1113.1699999999992,0,0.0,
Test,2022–2023,Square-root odds weighting,1,101,101,44,94.75999999999999,101.0,94.75999999999999,101,94.75999999999999,0,-6.240000000000009,-0.06178217821782187
Test,2022–2023,Square-root odds weighting,2,65,65,32,68.58999999999999,130.0,137.17999999999998,65,68.58999999999999,0,7.179999999999978,0.05523076923076906
Test,2022–2023,Square-root odds weighting,3,54,54,25,55.30999999999999,162.0,165.92999999999998,54,55.30999999999999,0,3.9299999999999784,0.024259259259259126
Test,2022–2023,Square-root odds weighting,4,33,33,13,30.680000000000007,132.0,122.72000000000003,33,30.680000000000007,0,-9.279999999999973,-0.07030303030303009
Test,2022–2023,Square-root odds weighting,5,64,64,32,78.68000000000002,320.0,393.40000000000003,64,78.68000000000002,0,73.40000000000003,0.2293750000000001
Test,All seasons,Square-root odds weighting,0,1130,0,0,0.0,0.0,0.0,1130,1113.1699999999992,0,0.0,
Test,All seasons,Square-root odds weighting,1,101,101,44,94.75999999999999,101.0,94.75999999999999,101,94.75999999999999,0,-6.240000000000009,-0.06178217821782187
Test,All seasons,Square-root odds weighting,2,65,65,32,68.58999999999999,130.0,137.17999999999998,65,68.58999999999999,0,7.179999999999978,0.05523076923076906
Test,All seasons,Square-root odds weighting,3,54,54,25,55.30999999999999,162.0,165.92999999999998,54,55.30999999999999,0,3.9299999999999784,0.024259259259259126
Test,All seasons,Square-root odds weighting,4,33,33,13,30.680000000000007,132.0,122.72000000000003,33,30.680000000000007,0,-9.279999999999973,-0.07030303030303009
Test,All seasons,Square-root odds weighting,5,64,64,32,78.68000000000002,320.0,393.40000000000003,64,78.68000000000002,0,73.40000000000003,0.2293750000000001
Test,2022–2023,Square-root profit weighting,0,760,0,0,0.0,0.0,0.0,760,744.9499999999995,0,0.0,
Test,2022–2023,Square-root profit weighting,1,161,161,61,166.65999999999994,161.0,166.65999999999994,161,166.65999999999994,0,5.65999999999994,0.035155279503105215
Test,2022–2023,Square-root profit weighting,2,153,153,57,173.64,306.0,347.28,153,173.64,0,41.27999999999997,0.13490196078431363
Test,2022–2023,Square-root profit weighting,3,113,113,38,111.01000000000002,339.0,333.0299999999999,113,111.01000000000002,0,-5.970000000000084,-0.017610619469026798
Test,2022–2023,Square-root profit weighting,4,94,94,27,87.27999999999999,376.0,349.11999999999995,94,87.27999999999999,0,-26.880000000000052,-0.0714893617021278
Test,2022–2023,Square-root profit weighting,5,166,166,55,185.31,830.0,926.55,166,185.31,0,96.54999999999995,0.11632530120481922
Test,All seasons,Square-root profit weighting,0,760,0,0,0.0,0.0,0.0,760,744.9499999999995,0,0.0,
Test,All seasons,Square-root profit weighting,1,161,161,61,166.65999999999994,161.0,166.65999999999994,161,166.65999999999994,0,5.65999999999994,0.035155279503105215
Test,All seasons,Square-root profit weighting,2,153,153,57,173.64,306.0,347.28,153,173.64,0,41.27999999999997,0.13490196078431363
Test,All seasons,Square-root profit weighting,3,113,113,38,111.01000000000002,339.0,333.0299999999999,113,111.01000000000002,0,-5.970000000000084,-0.017610619469026798
Test,All seasons,Square-root profit weighting,4,94,94,27,87.27999999999999,376.0,349.11999999999995,94,87.27999999999999,0,-26.880000000000052,-0.0714893617021278
Test,All seasons,Square-root profit weighting,5,166,166,55,185.31,830.0,926.55,166,185.31,0,96.54999999999995,0.11632530120481922
