model,strategy,bets,wins,losses,win_rate,net_profit_units,roi
RF_independent,Most likely outcome,1447,777,670,0.5369730476848652,-24.460000000000008,-0.0169039391845197
RF_independent,Expected return > 1,1023,322,701,0.3147605083088954,22.349999999999994,0.0218475073313782
RF_independent,Log odds weighting,1447,444,1003,0.3068417415342087,-3.539999999999985,-0.0024464409122321
RF_independent,Square-root odds weighting,1447,781,666,0.539737387698687,2.7899999999999974,0.0019281271596406
RF_independent,Square-root profit weighting,1447,673,774,0.465100207325501,49.62000000000002,0.0342916378714582
RF_independent,Legacy draw-to-home weighting,1447,746,701,0.5155494125777471,-17.85000000000001,-0.0123358673116793
RF_independent,Legacy draw-to-home return weighting,1447,627,820,0.4333102971665515,22.06,0.0152453351762266
RF_independent,Legacy market power weighting,1447,370,1077,0.2557014512785072,-104.29,-0.0720732550103662
RF_independent,Legacy variance score,1447,314,1133,0.2170006910850034,-104.59,-0.0722805805114029
RF_independent,Home win or skip (sqrt profit),930,391,539,0.4204301075268817,70.45000000000002,0.075752688172043
RF_independent_calibrated,Most likely outcome,1447,776,671,0.5362819626814098,-27.01000000000001,-0.018666205943331
RF_independent_calibrated,Expected return > 1,1024,320,704,0.3125,24.230000000000004,0.023662109375
RF_independent_calibrated,Log odds weighting,1447,442,1005,0.3054595715272978,-6.639999999999995,-0.004588804422944
RF_independent_calibrated,Square-root odds weighting,1447,781,666,0.539737387698687,3.200000000000001,0.0022114720110573
RF_independent_calibrated,Square-root profit weighting,1447,673,774,0.465100207325501,50.540000000000006,0.0349274360746371
RF_independent_calibrated,Legacy draw-to-home weighting,1447,746,701,0.5155494125777471,-17.85000000000001,-0.0123358673116793
RF_independent_calibrated,Legacy draw-to-home return weighting,1447,626,821,0.432619212163096,20.81,0.0143814789219073
RF_independent_calibrated,Legacy market power weighting,1447,370,1077,0.2557014512785072,-104.29,-0.0720732550103662
RF_independent_calibrated,Legacy variance score,1447,315,1132,0.2176917760884588,-101.59,-0.0702073255010366
RF_independent_calibrated,Home win or skip (sqrt profit),903,382,521,0.4230343300110742,79.67,0.0882281284606866
RF_bivariate_exact,Most likely outcome,1447,777,670,0.5369730476848652,-24.460000000000008,-0.0169039391845197
RF_bivariate_exact,Expected return > 1,992,295,697,0.2973790322580645,3.41,0.0034375
RF_bivariate_exact,Log odds weighting,1447,441,1006,0.3047684865238424,11.72000000000001,0.0080995162404975
RF_bivariate_exact,Square-root odds weighting,1447,781,666,0.539737387698687,3.269999999999998,0.0022598479612992
RF_bivariate_exact,Square-root profit weighting,1447,666,781,0.460262612301313,40.45000000000002,0.0279543883897719
RF_bivariate_exact,Legacy draw-to-home weighting,1447,744,703,0.5141672425708362,-20.300000000000004,-0.0140290255701451
RF_bivariate_exact,Legacy draw-to-home return weighting,1447,625,822,0.4319281271596406,19.59,0.0135383552176917
RF_bivariate_exact,Legacy market power weighting,1447,370,1077,0.2557014512785072,-104.29,-0.0720732550103662
RF_bivariate_exact,Legacy variance score,1447,316,1131,0.2183828610919143,-97.04,-0.0670628887353144
RF_bivariate_exact,Home win or skip (sqrt profit),886,371,515,0.4187358916478555,80.0,0.0902934537246049
RF_bivariate_simulated,Most likely outcome,1447,781,666,0.539737387698687,-13.66000000000001,-0.0094402211472011
RF_bivariate_simulated,Expected return > 1,1001,307,694,0.3066933066933067,21.160000000000004,0.0211388611388611
RF_bivariate_simulated,Log odds weighting,1447,444,1003,0.3068417415342087,17.47000000000002,0.0120732550103662
RF_bivariate_simulated,Square-root odds weighting,1447,785,662,0.5425017277125086,12.849999999999996,0.0088804422944022
RF_bivariate_simulated,Square-root profit weighting,1447,668,779,0.4616447823082239,46.900000000000006,0.0324118866620594
RF_bivariate_simulated,Legacy draw-to-home weighting,1447,745,702,0.5148583275742916,-16.550000000000004,-0.0114374568071872
RF_bivariate_simulated,Legacy draw-to-home return weighting,1447,625,822,0.4319281271596406,19.51,0.0134830684174153
RF_bivariate_simulated,Legacy market power weighting,1447,370,1077,0.2557014512785072,-104.29,-0.0720732550103662
RF_bivariate_simulated,Legacy variance score,1447,316,1131,0.2183828610919143,-97.34,-0.067270214236351
RF_bivariate_simulated,Home win or skip (sqrt profit),889,371,518,0.4173228346456692,75.47,0.0848931383577052
RF_vector,Most likely outcome,1447,779,668,0.5383552176917761,-17.730000000000015,-0.0122529371112646
RF_vector,Expected return > 1,1012,290,722,0.2865612648221344,21.01,0.0207608695652173
RF_vector,Log odds weighting,1447,414,1033,0.286109191430546,-37.78999999999999,-0.0261161022805805
RF_vector,Square-root odds weighting,1447,778,669,0.5376641326883207,-5.810000000000002,-0.004015203870076
RF_vector,Square-root profit weighting,1447,657,790,0.4540428472702142,21.85,0.015100207325501
RF_vector,Legacy draw-to-home weighting,1447,740,707,0.5114029025570145,-24.58,-0.0169868693849343
RF_vector,Legacy draw-to-home return weighting,1447,623,824,0.4305459571527298,16.440000000000005,0.0113614374568071
RF_vector,Legacy market power weighting,1447,370,1077,0.2557014512785072,-104.29,-0.0720732550103662
RF_vector,Legacy variance score,1447,316,1131,0.2183828610919143,-101.31,-0.0700138217000691
RF_vector,Home win or skip (sqrt profit),942,401,541,0.4256900212314225,84.37999999999998,0.0895753715498938
Market,Most likely outcome,1447,778,669,0.5376641326883207,-22.94000000000001,-0.0158534899792674
Market,Expected return > 1,0,0,0,0.0,0.0,0.0
Market,Log odds weighting,1447,370,1077,0.2557014512785072,-104.29,-0.0720732550103662
Market,Square-root odds weighting,1447,778,669,0.5376641326883207,-22.94000000000001,-0.0158534899792674
Market,Square-root profit weighting,1447,768,679,0.5307532826537664,-27.040000000000013,-0.0186869384934347
Market,Legacy draw-to-home weighting,1447,744,703,0.5141672425708362,-10.329999999999991,-0.0071389080856945
Market,Legacy draw-to-home return weighting,1447,672,775,0.4644091223220456,44.26,0.0305874222529371
Market,Legacy market power weighting,1447,370,1077,0.2557014512785072,-104.29,-0.0720732550103662
Market,Legacy variance score,1447,315,1132,0.2176917760884588,-94.17,-0.0650794747753973
Market,Home win or skip (sqrt profit),945,339,606,0.3587301587301587,46.500000000000014,0.0492063492063492
RF_independent,Home loses vs not (synthetic double chance),1447,1050,397,0.7256392536281963,-52.23681876409026,-0.0361000820760817
RF_independent_calibrated,Home loses vs not (synthetic double chance),1447,1050,397,0.7256392536281963,-52.23681876409026,-0.0361000820760817
RF_bivariate_exact,Home loses vs not (synthetic double chance),1447,1051,396,0.7263303386316516,-50.67084441735578,-0.0350178606892576
RF_bivariate_simulated,Home loses vs not (synthetic double chance),1447,1052,395,0.7270214236351071,-48.86049958976957,-0.0337667585278297
RF_vector,Home loses vs not (synthetic double chance),1447,1045,402,0.7221838286109191,-62.61548149308887,-0.0432726202440144
Market,Home loses vs not (synthetic double chance),1447,1051,396,0.7263303386316516,-54.957696987584846,-0.0379804402125672
RF_independent,Home loses vs not (sqrt profit),1447,452,995,0.3123704215618521,-187.57298012223552,-0.1296288736159195
RF_independent_calibrated,Home loses vs not (sqrt profit),1447,444,1003,0.3068417415342087,-198.46687285942585,-0.1371574795158437
RF_bivariate_exact,Home loses vs not (sqrt profit),1447,453,994,0.3130615065653075,-183.5663118151936,-0.1268599252351026
RF_bivariate_simulated,Home loses vs not (sqrt profit),1447,459,988,0.3172080165860401,-170.4183300409563,-0.117773552205222
RF_vector,Home loses vs not (sqrt profit),1447,444,1003,0.3068417415342087,-188.92791770575803,-0.13056525066051
Market,Home loses vs not (sqrt profit),1447,396,1051,0.2736696613683483,-188.67847634636445,-0.1303928654777916
RF_independent,Home wins vs not (synthetic double chance),1447,943,504,0.6516931582584657,-76.73341472951205,-0.0530293121834914
RF_independent_calibrated,Home wins vs not (synthetic double chance),1447,944,503,0.6523842432619212,-74.80194319352923,-0.0516945011703726
RF_bivariate_exact,Home wins vs not (synthetic double chance),1447,945,502,0.6530753282653766,-73.00194319352923,-0.0504505481641528
RF_bivariate_simulated,Home wins vs not (synthetic double chance),1447,943,504,0.6516931582584657,-76.75741537981642,-0.0530458986729899
RF_vector,Home wins vs not (synthetic double chance),1447,944,503,0.6523842432619212,-75.31675947952724,-0.0520502829851604
Market,Home wins vs not (synthetic double chance),1447,939,508,0.6489288182446441,-85.50830922477901,-0.0590935101760739
RF_independent,Home wins vs not (sqrt profit),1447,627,820,0.4333102971665515,33.8282770751107,0.02337821497934395
RF_independent_calibrated,Home wins vs not (sqrt profit),1447,636,811,0.4395300621976503,47.6897251539157,0.0329576538727821
RF_bivariate_exact,Home wins vs not (sqrt profit),1447,631,816,0.4360746371803732,47.59295073736648,0.03289077452478679
RF_bivariate_simulated,Home wins vs not (sqrt profit),1447,628,819,0.4340013821700069,39.44056902685349,0.02725678578220697
RF_vector,Home wins vs not (sqrt profit),1447,635,812,0.4388389771941949,78.44483165141904,0.05421204675288116
Market,Home wins vs not (sqrt profit),1447,508,939,0.3510711817553559,-14.916091895629615,-0.010308287419232629
