probabilities,strategy,min_edge,min_odds,max_odds,outcome,sizing,search_bets,search_staked,search_net,search_roi,search_drawdown,search_balanced,validation_bets,validation_staked,validation_net,validation_roi,validation_drawdown,test_bets,test_staked,test_net,test_roi,test_drawdown
calibrated,Most likely outcome,0,1.01,2,away,flat,115,115.0,3.160000000000004,0.027478260869565254,13.46,-3.5699999999999963,85,85.0,-4.499999999999998,-0.052941176470588214,10.979999999999999,45,45.0,-12.120000000000001,-0.26933333333333337,12.57
calibrated,Most likely outcome,0,1.01,2,away,0.01,115,319.0,-10.339999999999996,-0.03241379310344827,46.22,-44.699999999999996,85,217.0,-28.22,-0.13004608294930875,39.39000000000001,45,93.0,-23.49,-0.2525806451612903,28.64
calibrated,Most likely outcome,0,1.01,2,away,0.025,115,195.0,-3.679999999999999,-0.018871794871794866,27.719999999999995,-22.939999999999994,85,126.0,-16.849999999999998,-0.13373015873015873,22.709999999999994,45,54.0,-15.669999999999998,-0.29018518518518516,16.87
calibrated,Most likely outcome,0,1.01,2,away,0.05,115,135.0,-1.4099999999999993,-0.010444444444444438,18.96,-12.3,85,97.0,-8.339999999999998,-0.08597938144329895,14.53,45,46.0,-13.120000000000001,-0.28521739130434787,13.57
raw,Expected return > 1,0.02,4,1000,all,flat,954,954.0,109.03000000000002,0.11428721174004194,41.239999999999995,88.41000000000003,772,772.0,95.22,0.1233419689119171,28.0,387,387.0,23.71,0.061266149870801034,27.92
raw,Expected return > 1,0.02,4,1000,all,0.01,954,2608.0,169.64,0.06504601226993864,89.5,124.88999999999999,772,2068.0,155.52999999999997,0.07520793036750482,92.75,387,1032.0,242.8,0.23527131782945737,77.25
raw,Expected return > 1,0.02,4,1000,all,0.025,954,1411.0,103.31,0.07321757618710135,60.75,72.935,772,1118.0,137.27,0.12278175313059035,44.75,387,563.0,105.92,0.18813499111900533,37.0
raw,Expected return > 1,0.02,4,1000,all,0.05,954,1030.0,108.68,0.10551456310679612,48.75,84.305,772,833.0,112.57999999999998,0.1351500600240096,26.25,387,422.0,44.400000000000006,0.10521327014218011,26.0
calibrated,Expected return > 1,0.05,4,1000,home,flat,126,126.0,34.75,0.2757936507936508,17.75,25.875,122,122.0,9.739999999999998,0.07983606557377047,21.42,54,54.0,32.61,0.6038888888888889,12.0
calibrated,Expected return > 1,0.05,4,1000,home,0.01,126,428.0,105.0,0.24532710280373832,64.0,73.0,122,411.0,41.480000000000004,0.10092457420924575,74.19,54,201.0,126.55000000000001,0.6296019900497513,42.0
calibrated,Expected return > 1,0.05,4,1000,home,0.025,126,229.0,32.75,0.14301310043668122,34.5,-1.75,122,219.0,47.85,0.21849315068493153,39.260000000000005,54,116.0,76.74000000000001,0.6615517241379311,23.0
calibrated,Expected return > 1,0.05,4,1000,home,0.05,126,150.0,32.0,0.21333333333333335,24.75,14.875,122,143.0,28.490000000000002,0.19923076923076924,25.42,54,74.0,55.8,0.754054054054054,15.0
raw,Log odds weighting,0.02,4,1000,home,flat,221,221.0,58.31999999999999,0.2638914027149321,22.25,47.19499999999999,206,206.0,-18.98,-0.09213592233009708,28.89,104,104.0,-0.14000000000000057,-0.0013461538461538515,27.42
raw,Log odds weighting,0.02,4,1000,home,0.01,221,752.0,169.23,0.22503989361702126,91.25,123.60499999999999,206,726.0,-19.67000000000001,-0.027093663911845742,95.94999999999999,104,355.0,48.050000000000004,0.13535211267605635,75.25
raw,Log odds weighting,0.02,4,1000,home,0.025,221,425.0,88.32,0.20781176470588233,61.0,57.81999999999999,206,397.0,25.82,0.06503778337531486,53.559999999999995,104,203.0,46.57,0.2294088669950739,40.0
raw,Log odds weighting,0.02,4,1000,home,0.05,221,273.0,65.57,0.24018315018315015,32.5,49.31999999999999,206,256.0,-1.6199999999999992,-0.006328124999999997,38.56,104,133.0,22.55,0.16954887218045114,28.34
calibrated,Log odds weighting,0.02,4,1000,home,flat,110,110.0,19.58,0.178,21.75,6.704999999999998,109,109.0,20.240000000000002,0.18568807339449542,12.0,53,53.0,11.860000000000001,0.2237735849056604,13.25
calibrated,Log odds weighting,0.02,4,1000,home,0.01,110,371.0,40.08,0.10803234501347708,83.0,-48.17,109,369.0,72.98000000000002,0.19777777777777783,48.4,53,189.0,95.05000000000001,0.502910052910053,42.0
calibrated,Log odds weighting,0.02,4,1000,home,0.025,110,200.0,15.329999999999998,0.07665,48.5,-35.67,109,200.0,64.35,0.32175,25.549999999999997,53,111.0,59.99,0.5404504504504505,24.0
calibrated,Log odds weighting,0.02,4,1000,home,0.05,110,133.0,17.83,0.13406015037593982,29.75,-7.045000000000002,109,130.0,38.989999999999995,0.2999230769230769,14.0,53,72.0,36.05,0.5006944444444444,16.0
calibrated,Square-root odds weighting,0,1.01,2,away,flat,115,115.0,3.160000000000004,0.027478260869565254,13.46,-3.5699999999999963,85,85.0,-4.499999999999998,-0.052941176470588214,10.979999999999999,45,45.0,-12.120000000000001,-0.26933333333333337,12.57
calibrated,Square-root odds weighting,0,1.01,2,away,0.01,115,319.0,-10.339999999999996,-0.03241379310344827,46.22,-44.699999999999996,85,217.0,-28.22,-0.13004608294930875,39.39000000000001,45,93.0,-23.49,-0.2525806451612903,28.64
calibrated,Square-root odds weighting,0,1.01,2,away,0.025,115,195.0,-3.679999999999999,-0.018871794871794866,27.719999999999995,-22.939999999999994,85,126.0,-16.849999999999998,-0.13373015873015873,22.709999999999994,45,54.0,-15.669999999999998,-0.29018518518518516,16.87
calibrated,Square-root odds weighting,0,1.01,2,away,0.05,115,135.0,-1.4099999999999993,-0.010444444444444438,18.96,-12.3,85,97.0,-8.339999999999998,-0.08597938144329895,14.53,45,46.0,-13.120000000000001,-0.28521739130434787,13.57
raw,Square-root profit weighting,0.2,1.01,1000,all,flat,109,109.0,19.35,0.17752293577981654,21.0,8.850000000000001,92,92.0,-21.75,-0.23641304347826086,30.5,47,47.0,14.76,0.3140425531914894,9.4
raw,Square-root profit weighting,0.2,1.01,1000,all,0.01,109,514.0,84.75,0.16488326848249027,95.0,37.25,92,440.0,-96.75,-0.21988636363636363,146.5,47,227.0,81.80000000000001,0.36035242290748903,45.0
raw,Square-root profit weighting,0.2,1.01,1000,all,0.025,109,292.0,45.65,0.15633561643835617,53.0,19.15,92,249.0,-12.75,-0.05120481927710843,73.0,47,137.0,64.62,0.47167883211678835,23.6
raw,Square-root profit weighting,0.2,1.01,1000,all,0.05,109,169.0,26.2,0.15502958579881657,30.0,11.2,92,142.0,-10.25,-0.0721830985915493,41.0,47,79.0,37.85,0.4791139240506329,13.8
calibrated,Square-root profit weighting,0,1.01,2,away,flat,115,115.0,3.160000000000004,0.027478260869565254,13.46,-3.5699999999999963,85,85.0,-4.499999999999998,-0.052941176470588214,10.979999999999999,45,45.0,-12.120000000000001,-0.26933333333333337,12.57
calibrated,Square-root profit weighting,0,1.01,2,away,0.01,115,319.0,-10.339999999999996,-0.03241379310344827,46.22,-44.699999999999996,85,217.0,-28.22,-0.13004608294930875,39.39000000000001,45,93.0,-23.49,-0.2525806451612903,28.64
calibrated,Square-root profit weighting,0,1.01,2,away,0.025,115,195.0,-3.679999999999999,-0.018871794871794866,27.719999999999995,-22.939999999999994,85,126.0,-16.849999999999998,-0.13373015873015873,22.709999999999994,45,54.0,-15.669999999999998,-0.29018518518518516,16.87
calibrated,Square-root profit weighting,0,1.01,2,away,0.05,115,135.0,-1.4099999999999993,-0.010444444444444438,18.96,-12.3,85,97.0,-8.339999999999998,-0.08597938144329895,14.53,45,46.0,-13.120000000000001,-0.28521739130434787,13.57
calibrated,Legacy draw-to-home weighting,0,1.01,2,away,flat,115,115.0,3.160000000000004,0.027478260869565254,13.46,-3.5699999999999963,85,85.0,-4.499999999999998,-0.052941176470588214,10.979999999999999,45,45.0,-12.120000000000001,-0.26933333333333337,12.57
calibrated,Legacy draw-to-home weighting,0,1.01,2,away,0.01,115,319.0,-10.339999999999996,-0.03241379310344827,46.22,-44.699999999999996,85,217.0,-28.22,-0.13004608294930875,39.39000000000001,45,93.0,-23.49,-0.2525806451612903,28.64
calibrated,Legacy draw-to-home weighting,0,1.01,2,away,0.025,115,195.0,-3.679999999999999,-0.018871794871794866,27.719999999999995,-22.939999999999994,85,126.0,-16.849999999999998,-0.13373015873015873,22.709999999999994,45,54.0,-15.669999999999998,-0.29018518518518516,16.87
calibrated,Legacy draw-to-home weighting,0,1.01,2,away,0.05,115,135.0,-1.4099999999999993,-0.010444444444444438,18.96,-12.3,85,97.0,-8.339999999999998,-0.08597938144329895,14.53,45,46.0,-13.120000000000001,-0.28521739130434787,13.57
raw,Legacy draw-to-home return weighting,0.02,4,1000,all,flat,512,512.0,100.52,0.196328125,45.0,78.02,437,437.0,44.019999999999996,0.10073226544622425,42.0,193,193.0,-8.64,-0.044766839378238346,35.89
raw,Legacy draw-to-home return weighting,0.02,4,1000,all,0.01,512,1493.0,244.93,0.16405224380442063,92.0,198.93,437,1300.0,116.32999999999998,0.08948461538461537,124.0,193,586.0,83.05000000000001,0.14172354948805463,109.25
raw,Legacy draw-to-home return weighting,0.02,4,1000,all,0.025,512,804.0,129.51999999999998,0.16109452736318405,58.0,100.51999999999998,437,699.0,97.82000000000001,0.13994277539341918,65.0,193,322.0,45.07,0.13996894409937888,54.5
raw,Legacy draw-to-home return weighting,0.02,4,1000,all,0.05,512,569.0,110.77,0.19467486818980667,43.75,88.895,437,490.0,65.38,0.13342857142857142,43.5,193,225.0,11.05,0.04911111111111111,35.0
calibrated,Legacy draw-to-home return weighting,0.05,4,1000,all,flat,127,127.0,33.75,0.265748031496063,17.75,24.875,128,128.0,16.689999999999998,0.13039062499999998,17.67,56,56.0,30.61,0.5466071428571428,12.0
calibrated,Legacy draw-to-home return weighting,0.05,4,1000,all,0.01,127,432.0,101.0,0.2337962962962963,64.0,66.0,128,426.0,61.33,0.14396713615023474,63.94,56,206.0,121.55000000000001,0.5900485436893205,42.0
calibrated,Legacy draw-to-home return weighting,0.05,4,1000,all,0.025,127,231.0,30.75,0.1331168831168831,34.5,-5.75,128,227.0,57.550000000000004,0.25352422907488986,32.76,56,119.0,73.74000000000001,0.6196638655462186,23.0
calibrated,Legacy draw-to-home return weighting,0.05,4,1000,all,0.05,127,151.0,31.0,0.2052980132450331,24.75,12.875,128,149.0,35.44,0.23785234899328858,21.67,56,76.0,53.8,0.7078947368421052,15.0
calibrated,Legacy market power weighting,0,2,4,draw,flat,100,100.0,7.200000000000003,0.07200000000000002,14.649999999999999,-10.274999999999999,87,87.0,8.749999999999996,0.10057471264367812,14.75,44,44.0,6.300000000000001,0.1431818181818182,9.2
calibrated,Legacy market power weighting,0,2,4,draw,0.01,100,130.0,13.850000000000001,0.10653846153846155,21.25,-10.825,87,108.0,5.849999999999998,0.05416666666666665,22.25,44,53.0,0.8000000000000007,0.015094339622641523,13.2
calibrated,Legacy market power weighting,0,2,4,draw,0.025,100,102.0,8.900000000000002,0.08725490196078434,15.649999999999997,-10.075,87,87.0,8.749999999999996,0.10057471264367812,14.75,44,44.0,6.300000000000001,0.1431818181818182,9.2
calibrated,Legacy market power weighting,0,2,4,draw,0.05,100,100.0,7.200000000000003,0.07200000000000002,14.649999999999999,-10.274999999999999,87,87.0,8.749999999999996,0.10057471264367812,14.75,44,44.0,6.300000000000001,0.1431818181818182,9.2
raw,Legacy variance score,0.02,4,1000,all,flat,920,920.0,151.28000000000003,0.16443478260869568,37.75,132.40500000000003,733,733.0,69.72,0.09511596180081855,52.0,367,367.0,-11.040000000000003,-0.030081743869209816,40.02
raw,Legacy variance score,0.02,4,1000,all,0.01,920,2523.0,268.89,0.10657550535077288,85.5,226.14,733,1966.0,133.03,0.06766531027466938,139.25,367,978.0,151.3,0.1547034764826176,101.75
raw,Legacy variance score,0.02,4,1000,all,0.025,920,1367.0,147.56,0.10794440380395026,59.75,117.685,733,1071.0,111.77000000000001,0.10436041083099908,72.75,367,540.0,66.67,0.12346296296296297,51.25
raw,Legacy variance score,0.02,4,1000,all,0.05,920,996.0,150.93,0.15153614457831327,47.75,127.055,733,793.0,88.08,0.1110718789407314,46.75,367,402.0,9.650000000000002,0.024004975124378113,37.44
calibrated,Legacy variance score,0.1,1.01,1000,all,flat,107,107.0,11.55,0.10794392523364486,17.0,3.0500000000000007,120,120.0,-7.51,-0.06258333333333334,23.169999999999998,55,55.0,55.540000000000006,1.009818181818182,8.399999999999999
calibrated,Legacy variance score,0.1,1.01,1000,all,0.01,107,440.0,68.5,0.15568181818181817,61.0,36.75,120,482.0,-3.960000000000001,-0.008215767634854773,96.18,55,234.0,195.62,0.835982905982906,30.0
calibrated,Legacy variance score,0.1,1.01,1000,all,0.025,107,228.0,11.350000000000001,0.049780701754385974,35.0,-23.549999999999997,120,251.0,29.479999999999997,0.11745019920318724,46.839999999999996,55,133.0,114.95,0.8642857142857143,16.200000000000003
calibrated,Legacy variance score,0.1,1.01,1000,all,0.05,107,133.0,6.800000000000001,0.05112781954887219,22.0,-11.899999999999999,120,146.0,6.239999999999998,0.04273972602739725,26.669999999999998,55,80.0,82.08000000000001,1.0260000000000002,9.799999999999997
raw,Home win or skip (sqrt profit),0.02,4,1000,all,flat,322,322.0,66.52,0.206583850931677,41.25,45.894999999999996,301,301.0,-32.480000000000004,-0.10790697674418606,46.86,126,126.0,21.36,0.16952380952380952,20.0
raw,Home win or skip (sqrt profit),0.02,4,1000,all,0.01,322,992.0,180.43,0.1818850806451613,116.75,122.055,301,936.0,-67.17,-0.07176282051282051,115.63,126,405.0,130.05,0.3211111111111111,58.0
raw,Home win or skip (sqrt profit),0.02,4,1000,all,0.025,322,553.0,88.52,0.16007233273056057,64.0,56.519999999999996,301,512.0,15.319999999999999,0.029921874999999997,58.900000000000006,126,230.0,80.07,0.3481304347826087,34.0
raw,Home win or skip (sqrt profit),0.02,4,1000,all,0.05,322,375.0,72.77,0.19405333333333333,43.25,51.144999999999996,301,351.0,-15.120000000000001,-0.04307692307692308,42.06,126,155.0,44.05,0.28419354838709676,24.0
calibrated,Home win or skip (sqrt profit),0.05,4,1000,all,flat,126,126.0,34.75,0.2757936507936508,17.75,25.875,127,127.0,17.689999999999998,0.13929133858267714,16.67,56,56.0,30.61,0.5466071428571428,12.0
calibrated,Home win or skip (sqrt profit),0.05,4,1000,all,0.01,126,428.0,105.0,0.24532710280373832,64.0,73.0,127,424.0,63.33,0.1493632075471698,61.94,56,206.0,121.55000000000001,0.5900485436893205,42.0
calibrated,Home win or skip (sqrt profit),0.05,4,1000,all,0.025,126,229.0,32.75,0.14301310043668122,34.5,-1.75,127,226.0,58.550000000000004,0.259070796460177,31.759999999999998,56,119.0,73.74000000000001,0.6196638655462186,23.0
calibrated,Home win or skip (sqrt profit),0.05,4,1000,all,0.05,126,150.0,32.0,0.21333333333333335,24.75,14.875,127,148.0,36.44,0.2462162162162162,20.67,56,76.0,53.8,0.7078947368421052,15.0
calibrated,Home loses vs not (synthetic double chance),0,1.01,2,away,flat,115,115.0,3.160000000000004,0.027478260869565254,13.46,-3.5699999999999963,85,85.0,-4.499999999999998,-0.052941176470588214,10.979999999999999,45,45.0,-12.120000000000001,-0.26933333333333337,12.57
calibrated,Home loses vs not (synthetic double chance),0,1.01,2,away,0.01,115,319.0,-10.339999999999996,-0.03241379310344827,46.22,-44.699999999999996,85,217.0,-28.22,-0.13004608294930875,39.39000000000001,45,93.0,-23.49,-0.2525806451612903,28.64
calibrated,Home loses vs not (synthetic double chance),0,1.01,2,away,0.025,115,195.0,-3.679999999999999,-0.018871794871794866,27.719999999999995,-22.939999999999994,85,126.0,-16.849999999999998,-0.13373015873015873,22.709999999999994,45,54.0,-15.669999999999998,-0.29018518518518516,16.87
calibrated,Home loses vs not (synthetic double chance),0,1.01,2,away,0.05,115,135.0,-1.4099999999999993,-0.010444444444444438,18.96,-12.3,85,97.0,-8.339999999999998,-0.08597938144329895,14.53,45,46.0,-13.120000000000001,-0.28521739130434787,13.57
raw,Home loses vs not (sqrt profit),0.02,4,1000,away,flat,594,594.0,83.46000000000001,0.14050505050505052,46.8,60.06000000000001,423,423.0,102.5,0.24231678486997635,36.75,239,239.0,-39.900000000000006,-0.16694560669456068,57.099999999999994
raw,Home loses vs not (sqrt profit),0.02,4,1000,away,0.01,594,1524.0,84.66,0.0555511811023622,121.0,24.159999999999997,423,1018.0,199.0,0.19548133595284872,109.25,239,569.0,-3.249999999999993,-0.0057117750439367185,95.15
raw,Home loses vs not (sqrt profit),0.02,4,1000,away,0.025,594,809.0,58.74,0.07260815822002473,61.1,28.19,423,551.0,95.75,0.17377495462794917,54.75,239,308.0,-25.650000000000002,-0.08327922077922079,61.35
raw,Home loses vs not (sqrt profit),0.02,4,1000,away,0.05,594,617.0,76.86,0.12457050243111831,49.8,51.96,423,433.0,103.5,0.2390300230946882,36.75,239,245.0,-41.900000000000006,-0.17102040816326533,59.099999999999994
calibrated,Home loses vs not (sqrt profit),0,1.01,2,away,flat,115,115.0,3.160000000000004,0.027478260869565254,13.46,-3.5699999999999963,85,85.0,-4.499999999999998,-0.052941176470588214,10.979999999999999,45,45.0,-12.120000000000001,-0.26933333333333337,12.57
calibrated,Home loses vs not (sqrt profit),0,1.01,2,away,0.01,115,319.0,-10.339999999999996,-0.03241379310344827,46.22,-44.699999999999996,85,217.0,-28.22,-0.13004608294930875,39.39000000000001,45,93.0,-23.49,-0.2525806451612903,28.64
calibrated,Home loses vs not (sqrt profit),0,1.01,2,away,0.025,115,195.0,-3.679999999999999,-0.018871794871794866,27.719999999999995,-22.939999999999994,85,126.0,-16.849999999999998,-0.13373015873015873,22.709999999999994,45,54.0,-15.669999999999998,-0.29018518518518516,16.87
calibrated,Home loses vs not (sqrt profit),0,1.01,2,away,0.05,115,135.0,-1.4099999999999993,-0.010444444444444438,18.96,-12.3,85,97.0,-8.339999999999998,-0.08597938144329895,14.53,45,46.0,-13.120000000000001,-0.28521739130434787,13.57
raw,Home loses vs not (sqrt profit),0.02,4,1000,all,flat,630,630.0,82.40372369263673,0.1307995614168837,40.650000000000006,62.07872369263673,449,449.0,103.81256504952157,0.23120838541096117,35.400000000000006,244,244.0,-39.46000000000001,-0.16172131147540986,55.66
raw,Home loses vs not (sqrt profit),0.02,4,1000,all,0.01,630,1693.0,81.94618603075125,0.04840294508609052,128.45,17.721186030751255,449,1133.0,195.70568239046497,0.17273228807631508,98.5,244,591.0,1.9500000000000028,0.003299492385786807,84.95
raw,Home loses vs not (sqrt profit),0.02,4,1000,all,0.025,630,919.0,52.30765398939313,0.05691801304612963,71.55,16.532653989393133,449,624.0,97.21626657713615,0.15579529900182076,44.349999999999994,244,322.0,-17.890000000000004,-0.05555900621118014,49.59
raw,Home loses vs not (sqrt profit),0.02,4,1000,all,0.05,630,682.0,73.44551688334298,0.1076913737292419,48.650000000000006,49.12051688334297,449,477.0,114.93941581332885,0.2409631358769997,27.150000000000006,244,253.0,-39.02,-0.15422924901185772,54.22
raw,Home wins vs not (synthetic double chance),0,1.01,1000,home,flat,151,151.0,-2.8800000000000017,-0.019072847682119216,17.07,-19.675000000000004,156,156.0,-11.420000000000002,-0.07320512820512821,15.44,88,88.0,0.5600000000000014,0.0063636363636363795,6.739999999999998
raw,Home wins vs not (synthetic double chance),0,1.01,1000,home,0.01,151,387.0,5.159999999999997,0.013333333333333324,43.86,-33.15,156,406.0,-61.6,-0.15172413793103448,69.7,88,228.0,-7.05,-0.030921052631578946,34.25
raw,Home wins vs not (synthetic double chance),0,1.01,1000,home,0.025,151,221.0,6.859999999999998,0.031040723981900442,22.97,-13.115000000000004,156,231.0,-30.42,-0.1316883116883117,35.15,88,128.0,-1.6999999999999993,-0.013281249999999994,15.86
raw,Home wins vs not (synthetic double chance),0,1.01,1000,home,0.05,151,170.0,-1.0800000000000027,-0.006352941176470605,19.02,-19.330000000000005,156,174.0,-17.3,-0.09942528735632185,21.289999999999992,88,95.0,-0.20999999999999908,-0.002210526315789464,8.91
raw,Home wins vs not (sqrt profit),0.02,4,1000,home,flat,321,321.0,67.52,0.21034267912772583,41.25,46.894999999999996,299,299.0,-30.48,-0.10193979933110368,44.86,126,126.0,21.36,0.16952380952380952,20.0
raw,Home wins vs not (sqrt profit),0.02,4,1000,home,0.01,321,989.0,183.43,0.18547017189079879,116.75,125.055,299,929.0,-60.17,-0.06476856835306782,115.63,126,405.0,130.05,0.3211111111111111,58.0
raw,Home wins vs not (sqrt profit),0.02,4,1000,home,0.025,321,551.0,90.52,0.16428312159709618,64.0,58.519999999999996,299,508.0,19.319999999999997,0.038031496062992116,58.900000000000006,126,230.0,80.07,0.3481304347826087,34.0
raw,Home wins vs not (sqrt profit),0.02,4,1000,home,0.05,321,374.0,73.77,0.19724598930481282,43.25,52.144999999999996,299,349.0,-13.120000000000001,-0.037593123209169056,42.06,126,155.0,44.05,0.28419354838709676,24.0
calibrated,Home wins vs not (sqrt profit),0.05,4,1000,home,flat,126,126.0,34.75,0.2757936507936508,17.75,25.875,125,125.0,19.689999999999998,0.15752,16.67,56,56.0,30.61,0.5466071428571428,12.0
calibrated,Home wins vs not (sqrt profit),0.05,4,1000,home,0.01,126,428.0,105.0,0.24532710280373832,64.0,73.0,125,421.0,66.33000000000001,0.15755344418052258,61.94,56,206.0,121.55000000000001,0.5900485436893205,42.0
calibrated,Home wins vs not (sqrt profit),0.05,4,1000,home,0.025,126,229.0,32.75,0.14301310043668122,34.5,-1.75,125,224.0,60.550000000000004,0.2703125,31.759999999999998,56,119.0,73.74000000000001,0.6196638655462186,23.0
calibrated,Home wins vs not (sqrt profit),0.05,4,1000,home,0.05,126,150.0,32.0,0.21333333333333335,24.75,14.875,125,146.0,38.44,0.2632876712328767,20.67,56,76.0,53.8,0.7078947368421052,15.0
