model,source_test_row,home_team_name,away_team_name,home_score,away_score,predicted_outcome,confidence,actual_outcome_probability,log_loss,p_Away,p_Draw,p_Home
RF_independent,568,Inter,Empoli,0,1,Home,0.7560644413381047,0.0850491525140364,2.464525924751507,0.0850491525140364,0.1588864061478588,0.7560644413381047
RF_independent,1307,Manchester City,Brentford,1,2,Home,0.7715852326365674,0.0878692323368783,2.431905565863085,0.0878692323368783,0.1405455350265542,0.7715852326365674
RF_independent,1326,Liverpool,Leeds United,1,2,Home,0.7521845804872432,0.0898165969093176,2.4099854999347916,0.0898165969093176,0.1579988226034391,0.7521845804872432
RF_independent,819,Augsburg,Bayern Munich,1,0,Away,0.754068095586939,0.0925012650640449,2.3805329581892254,0.754068095586939,0.1534306393490159,0.0925012650640449
RF_independent,1221,Chelsea,Southampton,0,1,Home,0.7373696445433905,0.0961185322560049,2.3421731381430133,0.0961185322560049,0.1665118232006047,0.7373696445433905
RF_independent,1145,Tottenham Hotspur,AFC Bournemouth,2,3,Home,0.7122822100508108,0.1075229345815552,2.2300511092245165,0.1075229345815552,0.1801948553676339,0.7122822100508108
RF_independent,773,Leverkusen,Augsburg,1,2,Home,0.7132185438609493,0.1120734004434312,2.188601261240286,0.1120734004434312,0.1747080556956194,0.7132185438609493
RF_independent,674,Inter,Monza,0,1,Home,0.698605814172675,0.114847847401436,2.164147092718053,0.114847847401436,0.1865463384258888,0.698605814172675
RF_independent,281,Villarreal,Valladolid,1,2,Home,0.70200758946632,0.1151556599581243,2.161470501008737,0.1151556599581243,0.1828367505755556,0.70200758946632
RF_independent,1337,Nottingham Forest,Liverpool,1,0,Away,0.7095946149355172,0.117219080268723,2.143710614162187,0.7095946149355172,0.1731863047957599,0.117219080268723
RF_independent,783,Dortmund,Werder Bremen,2,3,Home,0.700998358927802,0.1195124814954332,2.12433446540432,0.1195124814954332,0.1794891595767646,0.700998358927802
RF_independent,1065,Wolfsburg,Hertha BSC,1,2,Home,0.6842812319122137,0.1256756669091188,2.074050762800361,0.1256756669091188,0.1900431011786674,0.6842812319122137
RF_independent,227,Almería,Barcelona,1,0,Away,0.6836347815995872,0.1263417811263737,2.0687644957292592,0.6836347815995872,0.190023437274039,0.1263417811263737
RF_independent,807,Bayern Munich,Stuttgart,2,2,Home,0.7991837267849304,0.1279248462994133,2.0563123257815348,0.0728914269156561,0.1279248462994133,0.7991837267849304
RF_independent,630,Spezia,Inter,2,1,Away,0.6806785370687011,0.1295316229617065,2.043830234898252,0.6806785370687011,0.1897898399695926,0.1295316229617065
RF_independent_calibrated,568,Inter,Empoli,0,1,Home,0.754950490631632,0.0856321591240281,2.4576943756872587,0.0856321591240281,0.1594173502443397,0.754950490631632
RF_independent_calibrated,1307,Manchester City,Brentford,1,2,Home,0.7704047224825109,0.0885192505683339,2.4245352300762715,0.0885192505683339,0.1410760269491551,0.7704047224825109
RF_independent_calibrated,1326,Liverpool,Leeds United,1,2,Home,0.7510345919956671,0.0904368858800824,2.403103065158536,0.0904368858800824,0.1585285221242503,0.7510345919956671
RF_independent_calibrated,819,Augsburg,Bayern Munich,1,0,Away,0.7555392730027857,0.0917840219902967,2.38831704889785,0.7555392730027857,0.1526767050069169,0.0917840219902967
RF_independent_calibrated,1221,Chelsea,Southampton,0,1,Home,0.7361965931479126,0.0967652466464735,2.3354673714106973,0.0967652466464735,0.1670381602056138,0.7361965931479126
RF_independent_calibrated,1145,Tottenham Hotspur,AFC Bournemouth,2,3,Home,0.7110717162937195,0.1082174538027625,2.2236126150173297,0.1082174538027625,0.180710829903518,0.7110717162937195
RF_independent_calibrated,773,Leverkusen,Augsburg,1,2,Home,0.7119653791352416,0.1128123175009325,2.1820297481765114,0.1128123175009325,0.1752223033638258,0.7119653791352416
RF_independent_calibrated,674,Inter,Monza,0,1,Home,0.6973699309816849,0.1155761863393827,2.1578253444892534,0.1155761863393827,0.1870538826789324,0.6973699309816849
RF_independent_calibrated,281,Villarreal,Valladolid,1,2,Home,0.7007596160032568,0.1158949144386407,2.155071408471952,0.1158949144386407,0.1833454695581025,0.7007596160032568
RF_independent_calibrated,1337,Nottingham Forest,Liverpool,1,0,Away,0.7111689702454086,0.1163797854117765,2.1508964236135664,0.7111689702454086,0.1724512443428148,0.1163797854117765
RF_independent_calibrated,783,Dortmund,Werder Bremen,2,3,Home,0.6997151697242076,0.1202894895893342,2.1178540281530505,0.1202894895893342,0.1799953406864583,0.6997151697242076
RF_independent_calibrated,227,Almería,Barcelona,1,0,Away,0.6852110617974662,0.1254952836133316,2.0754871018867393,0.6852110617974662,0.1892936545892022,0.1254952836133316
RF_independent_calibrated,1065,Wolfsburg,Hertha BSC,1,2,Home,0.6829962871331259,0.1264653912811944,2.067786594956159,0.1264653912811944,0.1905383215856796,0.6829962871331259
RF_independent_calibrated,807,Bayern Munich,Stuttgart,2,2,Home,0.7980989295921872,0.1284511755797538,2.0522064034264442,0.073449894828059,0.1284511755797538,0.7980989295921872
RF_independent_calibrated,630,Spezia,Inter,2,1,Away,0.6822695061534901,0.1286640117712892,2.0505508323001953,0.6822695061534901,0.1890664820752208,0.1286640117712892
RF_bivariate_exact,568,Inter,Empoli,0,1,Home,0.7523518086136476,0.0859058149539236,2.4545037578253104,0.0859058149539236,0.1617423764324287,0.7523518086136476
RF_bivariate_exact,1307,Manchester City,Brentford,1,2,Home,0.7680591727390492,0.0888535310310669,2.420765983684746,0.0888535310310669,0.1430872962298837,0.7680591727390492
RF_bivariate_exact,1326,Liverpool,Leeds United,1,2,Home,0.7485171552216634,0.0907059228559295,2.400132622384178,0.0907059228559295,0.160776921922407,0.7485171552216634
RF_bivariate_exact,819,Augsburg,Bayern Munich,1,0,Away,0.7511059626403824,0.0931002459258527,2.374078453178945,0.7511059626403824,0.1557937914337646,0.0931002459258527
RF_bivariate_exact,1221,Chelsea,Southampton,0,1,Home,0.7336816521222899,0.0969884966670038,2.333162898573047,0.0969884966670038,0.1693298512107063,0.7336816521222899
RF_bivariate_exact,1145,Tottenham Hotspur,AFC Bournemouth,2,3,Home,0.708588668383745,0.1083539291017493,2.2223522886046565,0.1083539291017493,0.1830574025145055,0.708588668383745
RF_bivariate_exact,773,Leverkusen,Augsburg,1,2,Home,0.709600924475463,0.1129547340892494,2.180768123805691,0.1129547340892494,0.1774443414352876,0.709600924475463
RF_bivariate_exact,674,Inter,Monza,0,1,Home,0.6949345112095546,0.1156605181101203,2.1570959466656925,0.1156605181101203,0.189404970680325,0.6949345112095546
RF_bivariate_exact,281,Villarreal,Valladolid,1,2,Home,0.6983626196798546,0.1159932579805248,2.1542232104223995,0.1159932579805248,0.1856441223396206,0.6983626196798546
RF_bivariate_exact,1337,Nottingham Forest,Liverpool,1,0,Away,0.7067250320697811,0.1177334255543518,2.1393323156165147,0.7067250320697811,0.1755415423758669,0.1177334255543518
RF_bivariate_exact,783,Dortmund,Werder Bremen,2,3,Home,0.697411593636946,0.1203838493813643,2.1170698964559667,0.1203838493813643,0.1822045569816895,0.697411593636946
RF_bivariate_exact,1065,Wolfsburg,Hertha BSC,1,2,Home,0.6806847004891695,0.1264899522425299,2.0675924028820125,0.1264899522425299,0.1928253472683004,0.6806847004891695
RF_bivariate_exact,227,Almería,Barcelona,1,0,Away,0.6807400652574882,0.1267594909713383,2.065463759855881,0.6807400652574882,0.1925004437711735,0.1267594909713383
RF_bivariate_exact,630,Spezia,Inter,2,1,Away,0.6778209169464081,0.1299463006824707,2.0406339855374616,0.6778209169464081,0.1922327823711214,0.1299463006824707
RF_bivariate_exact,336,Elche,Atlético Madrid,1,0,Away,0.6824400030056688,0.1300993498132019,2.039456891068772,0.6824400030056688,0.1874606471811296,0.1300993498132019
RF_bivariate_simulated,568,Inter,Empoli,0,1,Home,0.75,0.08652,2.447379677897279,0.08652,0.16348,0.75
RF_bivariate_simulated,1326,Liverpool,Leeds United,1,2,Home,0.7484,0.08978,2.410393045628351,0.08978,0.16182,0.7484
RF_bivariate_simulated,1307,Manchester City,Brentford,1,2,Home,0.76566,0.08992,2.4088348928367562,0.08992,0.14442,0.76566
RF_bivariate_simulated,819,Augsburg,Bayern Munich,1,0,Away,0.75012,0.09454,2.3587322536170467,0.75012,0.15534,0.09454
RF_bivariate_simulated,1221,Chelsea,Southampton,0,1,Home,0.73528,0.0953,2.3507254683219805,0.0953,0.16942,0.73528
RF_bivariate_simulated,1145,Tottenham Hotspur,AFC Bournemouth,2,3,Home,0.7075,0.11054,2.20237783257702,0.11054,0.18196,0.7075
RF_bivariate_simulated,773,Leverkusen,Augsburg,1,2,Home,0.70926,0.1127,2.1830258579364066,0.1127,0.17804,0.70926
RF_bivariate_simulated,674,Inter,Monza,0,1,Home,0.69446,0.11634,2.1512383404995217,0.11634,0.1892,0.69446
RF_bivariate_simulated,281,Villarreal,Valladolid,1,2,Home,0.69898,0.11654,2.149520717267209,0.11654,0.18448,0.69898
RF_bivariate_simulated,1337,Nottingham Forest,Liverpool,1,0,Away,0.7067,0.11926,2.126449295287177,0.7067,0.17404,0.11926
RF_bivariate_simulated,783,Dortmund,Werder Bremen,2,3,Home,0.69628,0.12004,2.119930258409971,0.12004,0.18368,0.69628
RF_bivariate_simulated,1065,Wolfsburg,Hertha BSC,1,2,Home,0.68368,0.12386,2.0886033834722224,0.12386,0.19246,0.68368
RF_bivariate_simulated,630,Spezia,Inter,2,1,Away,0.68014,0.12774,2.057758330848694,0.68014,0.19212,0.12774
RF_bivariate_simulated,227,Almería,Barcelona,1,0,Away,0.67862,0.12822,2.054007740423026,0.67862,0.19316,0.12822
RF_bivariate_simulated,807,Bayern Munich,Stuttgart,2,2,Home,0.79642,0.12926,2.0459293991473877,0.07432,0.12926,0.79642
RF_vector,1307,Manchester City,Brentford,1,2,Home,0.7982963227790647,0.0699536460879599,2.659922455026637,0.0699536460879599,0.1317500311329754,0.7982963227790647
RF_vector,819,Augsburg,Bayern Munich,1,0,Away,0.7527152775539897,0.0932950737513494,2.371987972615531,0.7527152775539897,0.1539896486946605,0.0932950737513494
RF_vector,1326,Liverpool,Leeds United,1,2,Home,0.7405341096360436,0.0980856988388483,2.321913704497212,0.0980856988388483,0.161380191525108,0.7405341096360436
RF_vector,568,Inter,Empoli,0,1,Home,0.7311323037073848,0.1016315724489038,2.286401039661457,0.1016315724489038,0.1672361238437113,0.7311323037073848
RF_vector,1221,Chelsea,Southampton,0,1,Home,0.7246785116599486,0.1053531988219573,2.250436775434415,0.1053531988219573,0.1699682895180939,0.7246785116599486
RF_vector,1337,Nottingham Forest,Liverpool,1,0,Away,0.7216995271647119,0.1094160492491467,2.2125976972938024,0.7216995271647119,0.1688844235861416,0.1094160492491467
RF_vector,773,Leverkusen,Augsburg,1,2,Home,0.7058867622214913,0.1154485506366768,2.1589302972952833,0.1154485506366768,0.1786646871418319,0.7058867622214913
RF_vector,783,Dortmund,Werder Bremen,2,3,Home,0.7005886146074641,0.1186272283812968,2.13176923713852,0.1186272283812968,0.1807841570112388,0.7005886146074641
RF_vector,1285,Manchester City,Everton,1,1,Home,0.8098072970711834,0.1214884572205905,2.107936023014205,0.0687042457082259,0.1214884572205905,0.8098072970711834
RF_vector,1145,Tottenham Hotspur,AFC Bournemouth,2,3,Home,0.6913243215918732,0.1237049242974732,2.0898561919890173,0.1237049242974732,0.1849707541106534,0.6913243215918732
RF_vector,336,Elche,Atlético Madrid,1,0,Away,0.6946868155044694,0.1252526199185405,2.0774226217226337,0.6946868155044694,0.1800605645769898,0.1252526199185405
RF_vector,281,Villarreal,Valladolid,1,2,Home,0.685326989073976,0.1261921311050926,2.0699496833935704,0.1261921311050926,0.1884808798209314,0.685326989073976
RF_vector,674,Inter,Monza,0,1,Home,0.6828303315202155,0.1273194690241661,2.0610558469809144,0.1273194690241661,0.1898501994556183,0.6828303315202155
RF_vector,1062,Dortmund,Mainz 05,2,2,Home,0.8065631610494309,0.1275149144688989,2.0595219449981834,0.06592192448167,0.1275149144688989,0.8065631610494309
RF_vector,807,Bayern Munich,Stuttgart,2,2,Home,0.8026502717716639,0.1293930048632053,2.0449009566206997,0.0679567233651306,0.1293930048632053,0.8026502717716639
Market,1307,Manchester City,Brentford,1,2,Home,0.8267477203647416,0.0554407294832826,2.8924407661191878,0.0554407294832826,0.1178115501519756,0.8267477203647416
Market,819,Augsburg,Bayern Munich,1,0,Away,0.8242424242424243,0.0562424242424242,2.8780839271024723,0.8242424242424243,0.1195151515151515,0.0562424242424242
Market,362,Athletic Club,Elche,0,1,Home,0.725593667546174,0.0857519788918205,2.4562961157467353,0.0857519788918205,0.1886543535620052,0.725593667546174
Market,1337,Nottingham Forest,Liverpool,1,0,Away,0.7564469914040115,0.0859598853868194,2.453874540540273,0.7564469914040115,0.157593123209169,0.0859598853868194
Market,773,Leverkusen,Augsburg,1,2,Home,0.7337139019476159,0.1004029550033579,2.2985636398532683,0.1004029550033579,0.1658831430490262,0.7337139019476159
Market,568,Inter,Empoli,0,1,Home,0.7403078121955972,0.1005260081823495,2.2973387970787407,0.1005260081823495,0.1591661796220534,0.7403078121955972
Market,1101,Brighton & Hove Albion,Everton,1,5,Home,0.7137192704203014,0.1054718477398889,2.2493112077431667,0.1054718477398889,0.1808088818398096,0.7137192704203014
Market,1285,Manchester City,Everton,1,1,Home,0.8438610343466245,0.1059514409790761,2.244774393802731,0.0501875246742992,0.1059514409790761,0.8438610343466245
Market,1326,Liverpool,Leeds United,1,2,Home,0.7346938775510204,0.1061224489795918,2.2431616725232453,0.1061224489795918,0.1591836734693877,0.7346938775510204
Market,1062,Dortmund,Mainz 05,2,2,Home,0.8263659342796034,0.1108302547151467,2.1997554849463214,0.0628038110052498,0.1108302547151467,0.8263659342796034
Market,1240,Everton,Arsenal,1,0,Away,0.6775907883082374,0.1116031886625332,2.192805657198184,0.6775907883082374,0.2108060230292293,0.1116031886625332
Market,1221,Chelsea,Southampton,0,1,Home,0.6851930420025457,0.1128553245651251,2.1816485941544324,0.1128553245651251,0.2019516334323292,0.6851930420025457
Market,807,Bayern Munich,Stuttgart,2,2,Home,0.8267477203647416,0.1178115501519756,2.138668963742807,0.0554407294832826,0.1178115501519756,0.8267477203647416
Market,336,Elche,Atlético Madrid,1,0,Away,0.6934812760055478,0.1178918169209431,2.137987880794633,0.6934812760055478,0.188626907073509,0.1178918169209431
Market,630,Spezia,Inter,2,1,Away,0.6759735488611316,0.118295371050698,2.1345706376670033,0.6759735488611316,0.2057310800881704,0.118295371050698
